ProductionID,Location,Production_KWh,Month,Year,LocationID
P001,Porterside,51606,February,2025,L0690
P002,Donaldfurt,91145,December,2021,L0112
P003,Leslieborough,55035,March,2019,L0392
P004,Smithport,7613,April,2021,L0746
P005,Sherriton,65399,May,2021,L0739
P006,East Mollychester,20087,April,2021,L0167
P007,Jonesland,88528,August,2024,L0289
P008,New Christina,26849,July,2011,L0460
P009,Taylorport,89398,June,2021,L0838
P010,Cowanmouth,68794,March,2024,L0085
P011,Lake Richard,69605,June,2012,L0370
P012,New Caseyland,27624,June,2023,L0457
P013,Calhounland,83620,September,2019,L0058
P014,South Matthewberg,44166,April,2022,L0792
P015,Cordovashire,76294,March,2013,L0081
P016,East Joditon,46707,October,2011,L0146
P017,Cynthiaton,11930,September,2013,L0090
P018,East Kayla,70107,December,2016,L0152
P019,Matthewfurt,18042,January,2016,L0412
P020,Brittneyland,21411,November,2014,L0049
P021,New Petermouth,78116,November,2023,L0493
P022,Johnsonfurt,68243,December,2017,L0282
P023,North Nancy,78854,June,2012,L0566
P024,Jenniferton,32318,July,2021,L0274
P025,Port Lesliechester,13634,March,2013,L0659
P026,Meaganton,62386,June,2020,L0420
P027,Michaelmouth,67098,August,2020,L0425
P028,Port Ryanshire,47435,March,2011,L0678
P029,Port Mason,52192,January,2025,L0661
P030,Tateville,85040,May,2012,L0835
P031,New Victoriahaven,83189,September,2014,L0506
P032,Lake Victor,40304,February,2010,L0385
P033,East Teresa,27145,April,2019,L0179
P034,Connorfort,18327,December,2022,L0079
P035,Samuelfurt,28924,March,2015,L0724
P036,South Edwin,37398,January,2016,L0770
P037,East Donaldshire,14171,December,2024,L0134
P038,South Rodney,12307,September,2011,L0801
P039,Hillshire,3836,August,2019,L0243
P040,Jeffreyport,95609,October,2016,L0270
P041,Farrellberg,12459,March,2010,L0197
P042,East Maryville,16198,April,2015,L0161
P043,South Cathyview,16693,March,2010,L0761
P044,Ambermouth,58073,December,2021,L0011
P045,West Megan,19644,January,2023,L0928
P046,Ryanhaven,89349,February,2011,L0722
P047,Susanshire,27782,March,2020,L0829
P048,Johnport,60821,February,2018,L0280
P049,Jameshaven,68103,September,2024,L0258
P050,Maryview,8293,January,2025,L0410
P051,Nelsonfurt,79810,June,2013,L0443
P052,East Sandraton,95708,May,2023,L0173
P053,Stephenstad,8947,June,2012,L0822
P054,Gonzaleztown,32704,December,2021,L0216
P055,Warrentown,42648,September,2012,L0876
P056,South Veronicamouth,96747,December,2014,L0816
P057,Josephton,81206,November,2017,L0293
P058,Port Anthony,77477,November,2025,L0614
P059,Lake Cody,51542,May,2018,L0330
P060,North Amber,95781,December,2021,L0514
P061,Lake Danielle,32305,May,2016,L0332
P062,Cameronbury,83213,October,2021,L0059
P063,Walshberg,4319,April,2011,L0872
P064,New Lisa,74220,March,2015,L0480
P065,Port Alexanderburgh,42965,December,2014,L0606
P066,Port Allisonshire,79272,December,2015,L0607
P067,West Whitney,78706,October,2024,L0953
P068,Harrisburgh,11769,May,2010,L0232
P069,North Stephaniemouth,82352,January,2016,L0577
P070,Lake David,78333,September,2010,L0334
P071,Hallhaven,91403,July,2012,L0227
P072,Sarahfort,77479,July,2010,L0729
P073,South Preston,88535,June,2013,L0800
P074,West Meghanburgh,44682,November,2022,L0929
P075,Kellyview,30833,July,2012,L0311
P076,Lake Jenny,11037,February,2023,L0342
P077,Taraton,79669,September,2019,L0834
P078,Elizabethfort,41145,December,2017,L0186
P079,Aliciamouth,84721,December,2022,L0006
P080,Leachburgh,25767,October,2021,L0391
P081,Port Ericshire,67333,October,2018,L0630
P082,Palmerberg,93033,February,2014,L0586
P083,Lauraberg,27980,September,2012,L0388
P084,Jameshaven,35236,March,2010,L0258
P085,North Angelchester,78028,March,2024,L0518
P086,Robertston,79725,December,2015,L0710
P087,Mccannhaven,73375,February,2010,L0416
P088,Hancockmouth,1591,July,2013,L0229
P089,Mcintyrehaven,71475,February,2017,L0418
P090,Port Brad,85790,November,2024,L0616
P091,Dennisside,95871,November,2018,L0105
P092,West Shawnhaven,57009,January,2010,L0943
P093,Deborahton,81016,September,2022,L0104
P094,Paulberg,16439,December,2022,L0591
P095,West Scottberg,54536,February,2024,L0941
P096,New Timothyport,16810,September,2015,L0504
P097,Matthewburgh,21126,August,2025,L0411
P098,East Stephen,41064,May,2013,L0176
P099,Melissachester,68680,October,2014,L0422
P100,Dustinview,84309,July,2024,L0119
P101,Port Kelliside,21820,March,2018,L0651
P102,Brendaview,56305,May,2022,L0043
P103,North Kellyhaven,77702,March,2014,L0555
P104,Lake Amandaport,3239,May,2018,L0320
P105,Whiteport,46673,August,2023,L0956
P106,Lake Kathrynborough,33409,April,2014,L0351
P107,Lake Jeremy,29966,April,2024,L0344
P108,Port Andrewshire,8469,February,2020,L0613
P109,Stevensburgh,10074,April,2022,L0824
P110,Thompsonchester,82693,October,2010,L0845
P111,Rodriguezborough,67381,October,2023,L0714
P112,Juanton,78719,March,2014,L0297
P113,Robertsonside,27203,April,2017,L0709
P114,Kristenshire,65568,June,2012,L0319
P115,North Jamesfurt,55444,April,2016,L0542
P116,Murphyborough,43075,November,2013,L0439
P117,Lake Eric,60175,June,2020,L0339
P118,New Nataliemouth,34998,November,2023,L0490
P119,Marshshire,47471,September,2013,L0405
P120,Kimberlyside,1440,April,2019,L0316
P121,Prattberg,93530,June,2011,L0692
P122,Michellefort,77665,July,2022,L0426
P123,Tracymouth,63546,June,2023,L0854
P124,Riveraland,85838,April,2021,L0704
P125,Craigberg,18469,November,2018,L0086
P126,West Franklin,52162,November,2019,L0904
P127,Griffinfurt,20283,August,2014,L0222
P128,New Adam,67171,April,2013,L0444
P129,North Rogerview,87138,July,2014,L0572
P130,Robertsonside,33615,October,2017,L0709
P131,Evansburgh,21157,November,2022,L0193
P132,Nicolechester,32572,June,2010,L0510
P133,West James,68972,July,2012,L0907
P134,Port Christopherport,74562,October,2018,L0622
P135,Port Paulshire,8042,February,2024,L0672
P136,Clarkchester,64854,April,2024,L0073
P137,Leslieshire,46895,August,2015,L0393
P138,Olsonborough,12527,February,2022,L0584
P139,Watsonchester,87199,November,2021,L0877
P140,Port Ronald,62332,August,2018,L0676
P141,West Amanda,69663,November,2014,L0883
P142,Kellermouth,86596,September,2011,L0310
P143,North Lonnie,62174,November,2018,L0561
P144,Cruzton,85346,October,2024,L0087
P145,North Barrychester,57067,March,2025,L0523
P146,Port Ronaldfort,86082,November,2018,L0677
P147,Thompsonhaven,49648,October,2021,L0846
P148,Jessicaland,63719,August,2015,L0276
P149,Phillipsborough,68889,November,2018,L0601
P150,Terriville,95595,December,2019,L0840
P151,New Derrickside,14982,May,2022,L0465
P152,Paulmouth,42856,April,2014,L0592
P153,South Bryan,67780,April,2010,L0759
P154,South Laura,26728,April,2025,L0790
P155,South Timothy,86559,March,2011,L0813
P156,Darrellport,1923,December,2018,L0096
P157,Port Jeanfort,73736,January,2016,L0639
P158,East Michael,84369,March,2020,L0165
P159,East Lauren,36494,January,2022,L0155
P160,New Chelsea,62271,March,2023,L0459
P161,West Amberview,49560,October,2010,L0884
P162,Port Tiffany,79630,March,2012,L0683
P163,North Jenniferstad,85950,September,2020,L0546
P164,Petersonfort,3990,November,2015,L0597
P165,South Hunter,72270,April,2019,L0775
P166,Johnsontown,93426,December,2024,L0285
P167,Anthonyland,22907,September,2011,L0022
P168,New Laceyhaven,84917,December,2025,L0478
P169,Port Tommy,41837,September,2025,L0687
P170,Port Amanda,89968,May,2014,L0608
P171,Petersonside,81630,February,2017,L0598
P172,South Michelleside,84144,June,2021,L0796
P173,Vaughnstad,16860,November,2025,L0865
P174,Lake Johnfort,52091,March,2016,L0348
P175,Port Andrewfort,86378,December,2016,L0612
P176,Jasonland,28059,June,2015,L0267
P177,Thomasburgh,88702,April,2022,L0841
P178,Griffinhaven,28884,February,2019,L0223
P179,Whitneyside,17907,June,2014,L0958
P180,Chaveztown,11016,January,2025,L0069
P181,Dominiquemouth,88899,July,2021,L0110
P182,Bennetttown,22176,March,2024,L0032
P183,Angelicaberg,17531,July,2021,L0019
P184,Scottmouth,25923,September,2011,L0735
P185,Frostshire,18777,September,2020,L0205
P186,North Jasonton,59376,August,2019,L0544
P187,North Jaime,62227,December,2016,L0540
P188,New Scottville,70826,December,2017,L0498
P189,Evansfort,29130,June,2021,L0194
P190,Glennport,82409,July,2010,L0214
P191,Jeffreyville,39503,June,2018,L0271
P192,East Emmahaven,31590,February,2014,L0135
P193,North Jennifer,46071,January,2021,L0545
P194,Port Brandonberg,48574,October,2019,L0617
P195,Lake Ashley,18438,November,2021,L0323
P196,North Bruceborough,63736,May,2019,L0526
P197,Blackwellton,92012,November,2025,L0035
P198,Fullerton,14930,September,2017,L0206
P199,Williamchester,94629,April,2022,L0960
P200,Evansmouth,44493,August,2013,L0195
P201,Hughesside,57577,December,2011,L0251
P202,East Jillburgh,13192,October,2015,L0145
P203,Loganfurt,6174,June,2022,L0397
P204,Schwartzshire,50058,June,2023,L0734
P205,Vaughnburgh,68648,January,2024,L0864
P206,Andreaborough,47398,June,2012,L0017
P207,New Sherryside,1855,June,2020,L0499
P208,South Alexandraville,49862,February,2022,L0750
P209,East Carlville,25754,December,2011,L0131
P210,Deborahchester,94319,March,2010,L0103
P211,Port Andrew,48630,May,2016,L0611
P212,Port Randy,3475,July,2023,L0673
P213,Prattstad,5159,March,2015,L0693
P214,North Nicholaston,7521,December,2015,L0567
P215,North Allenchester,18536,May,2016,L0513
P216,Karenport,92477,December,2010,L0303
P217,East Paulberg,14899,January,2012,L0170
P218,Karentown,41088,June,2016,L0305
P219,Joshuaborough,47313,September,2010,L0294
P220,North Cheryl,67539,August,2014,L0528
P221,North Tracytown,85211,May,2014,L0581
P222,Edwardview,92462,August,2012,L0185
P223,Juanville,23783,February,2012,L0298
P224,Youngport,31728,February,2015,L0971
P225,Nicholsmouth,40344,May,2019,L0509
P226,South Tommy,47980,April,2012,L0815
P227,North Stephanieport,63673,May,2015,L0578
P228,West Sandraville,87909,November,2017,L0939
P229,Heidishire,12400,June,2018,L0237
P230,New Markville,79120,February,2013,L0483
P231,Everettstad,5923,May,2016,L0196
P232,Hinesstad,90741,October,2025,L0244
P233,Port Sabrinaview,42580,July,2014,L0679
P234,South Michaelland,78902,September,2019,L0794
P235,West Jessica,14395,July,2017,L0913
P236,Brianton,16124,June,2017,L0046
P237,Wareburgh,99526,November,2017,L0875
P238,West Jodiborough,58029,June,2013,L0914
P239,East Juan,10708,December,2013,L0148
P240,Margaretmouth,73959,January,2025,L0401
P241,East Gary,3791,February,2018,L0137
P242,Port Richard,10006,February,2011,L0675
P243,Ronaldport,28234,July,2013,L0718
P244,Port Rebecca,15870,August,2013,L0674
P245,Lake Teresa,64354,December,2022,L0381
P246,Bakermouth,57487,May,2014,L0029
P247,New Patricktown,76566,April,2020,L0492
P248,North Danielleview,54767,June,2011,L0530
P249,South Heatherton,89558,March,2013,L0774
P250,Millershire,15390,January,2025,L0428
P251,Patriciaberg,73407,May,2019,L0589
P252,New Anachester,67951,November,2020,L0448
P253,Limouth,49468,December,2020,L0394
P254,New Kristi,94440,February,2018,L0476
P255,Hardinfurt,24934,June,2023,L0231
P256,Lake Michael,8134,November,2010,L0361
P257,Paultown,31547,July,2015,L0593
P258,Hicksland,92733,November,2011,L0240
P259,Lake Daniellestad,42279,February,2023,L0333
P260,Charlesbury,16480,July,2014,L0065
P261,Port Connie,11194,December,2015,L0624
P262,North Ashleymouth,40459,September,2022,L0520
P263,Herringmouth,54174,December,2014,L0239
P264,Bishopville,59456,November,2014,L0034
P265,West Melissafurt,40778,January,2022,L0930
P266,South Stephenfurt,54710,January,2010,L0808
P267,Maryton,69786,October,2025,L0409
P268,East Amymouth,49650,June,2012,L0125
P269,South Amanda,27935,September,2013,L0752
P270,New Ashley,28825,July,2016,L0449
P271,Laurenhaven,67548,July,2017,L0389
P272,East Thomasville,48824,May,2014,L0180
P273,Michellemouth,58737,September,2023,L0427
P274,New Brittany,53623,April,2022,L0453
P275,South Michaelview,97506,April,2023,L0795
P276,Greenchester,32302,March,2018,L0220
P277,Jasonshire,57625,December,2017,L0268
P278,New Bruce,43577,November,2015,L0454
P279,Olsonbury,84776,November,2021,L0585
P280,Wisestad,65625,May,2015,L0963
P281,Andreaberg,72040,September,2017,L0016
P282,West Shawnfort,40315,December,2024,L0942
P283,North Stephaniebury,52341,August,2018,L0576
P284,Alexanderton,50913,April,2022,L0005
P285,Janicemouth,94839,March,2020,L0266
P286,East Joseside,93396,October,2016,L0147
P287,West Kevinshire,2052,June,2016,L0918
P288,Lake Stuart,91159,June,2019,L0379
P289,Jacksonstad,95176,September,2014,L0255
P290,Pamelaland,29342,September,2022,L0587
P291,Wrightchester,57804,August,2022,L0966
P292,Hamptonberg,83178,September,2019,L0228
P293,Robertshire,6289,August,2022,L0708
P294,Port Eric,57130,December,2017,L0629
P295,Karenfort,29432,August,2010,L0302
P296,Crystalbury,70432,March,2021,L0088
P297,Murrayburgh,31182,January,2025,L0441
P298,West Kristen,44091,August,2019,L0919
P299,Sherrytown,5912,July,2013,L0740
P300,Robertbury,80067,August,2020,L0705
P301,New Ashleyfort,41170,May,2012,L0450
P302,Port Thomas,23740,January,2010,L0682
P303,Port Mary,48759,June,2018,L0660
P304,Hallhaven,70345,December,2021,L0227
P305,South Amanda,7618,April,2016,L0752
P306,Michaelchester,65508,June,2017,L0424
P307,Emilyhaven,50323,October,2017,L0188
P308,Jamesview,48132,June,2025,L0262
P309,North Justin,19743,October,2021,L0553
P310,Wangstad,56789,February,2017,L0874
P311,Gordonborough,31976,May,2018,L0217
P312,New Derrickmouth,39823,August,2015,L0464
P313,Lake Thomas,17755,June,2025,L0382
P314,West Kristenmouth,67842,April,2023,L0921
P315,West Ginafort,45229,June,2025,L0905
P316,New Lori,35546,August,2014,L0481
P317,Audreyside,24145,October,2020,L0028
P318,Port Jimmybury,21276,November,2021,L0642
P319,Ramseymouth,97521,February,2011,L0696
P320,Dustinshire,21510,October,2016,L0118
P321,South Todd,48933,December,2015,L0814
P322,Debbiebury,43968,January,2016,L0102
P323,South Donnahaven,57846,September,2015,L0769
P324,New Tiffanyberg,80632,May,2025,L0503
P325,Vazquezside,5508,July,2015,L0866
P326,Gibsonberg,76199,December,2022,L0211
P327,New Albert,26258,July,2010,L0445
P328,West Jennifer,6023,June,2015,L0912
P329,Travisshire,74172,March,2013,L0857
P330,Lake Suzannebury,78368,April,2020,L0380
P331,South Sara,45956,April,2023,L0803
P332,Daniellechester,46849,January,2014,L0092
P333,Danielville,51011,May,2022,L0094
P334,Kramerland,19352,June,2010,L0318
P335,Lake Christine,14037,December,2015,L0329
P336,Joycechester,16971,June,2020,L0296
P337,Port Lauraton,24721,October,2024,L0658
P338,Espinozaborough,8899,May,2020,L0192
P339,New Mitchell,83739,December,2010,L0488
P340,East Krystalhaven,54525,September,2018,L0154
P341,Port Amberberg,97009,January,2020,L0609
P342,Larryfurt,76962,July,2025,L0387
P343,East Patrickville,89978,January,2017,L0169
P344,Marychester,78431,August,2015,L0408
P345,South Thomas,82302,January,2010,L0810
P346,New Michaelborough,16801,May,2025,L0487
P347,South Nancy,72364,June,2019,L0797
P348,Brownland,71605,May,2022,L0053
P349,South Tiffany,54497,March,2021,L0811
P350,Matthewtown,84157,November,2024,L0414
P351,Port Carlyhaven,47729,November,2025,L0619
P352,Brianview,53612,September,2010,L0047
P353,East Stephanieberg,6864,December,2012,L0175
P354,Heatherland,20892,March,2024,L0235
P355,New Robertshire,7303,October,2010,L0497
P356,North Eileen,36634,February,2023,L0531
P357,Port Zacharystad,77359,January,2010,L0689
P358,Brianville,4348,March,2014,L0048
P359,East Melissa,38399,November,2012,L0163
P360,Aprilmouth,26005,January,2019,L0025
P361,South Jonathan,8334,June,2013,L0784
P362,East Crystal,75761,March,2018,L0133
P363,Jamesville,13128,February,2011,L0263
P364,Braunstad,87688,December,2011,L0040
P365,Port Heather,30880,September,2024,L0634
P366,Peterton,30947,October,2019,L0599
P367,Lake Annamouth,84214,January,2017,L0322
P368,Alvarezview,94394,July,2012,L0008
P369,Lake Maryport,64916,September,2022,L0358
P370,Fowlershire,8148,November,2020,L0200
P371,Victoriafort,72344,June,2021,L0868
P372,Abigailfort,1790,December,2020,L0000
P373,Gonzalezland,97246,December,2020,L0215
P374,Floresbury,55386,April,2021,L0199
P375,Adamfurt,55278,December,2014,L0002
P376,Sabrinashire,56810,September,2013,L0723
P377,West Sarah,22014,August,2021,L0940
P378,Allenfort,69632,October,2010,L0007
P379,North Mario,5186,December,2023,L0562
P380,Hoopermouth,81664,June,2011,L0246
P381,Cynthiaside,7582,May,2024,L0089
P382,Kellerland,75775,February,2013,L0309
P383,Higginsfort,37427,May,2018,L0241
P384,Timothyport,38683,April,2023,L0850
P385,Wrighthaven,57021,April,2012,L0968
P386,Brendaburgh,37491,July,2013,L0041
P387,Jamiebury,45104,May,2018,L0264
P388,East Jasonchester,75478,February,2014,L0142
P389,South Sarah,57397,March,2021,L0805
P390,Riggsfurt,82109,July,2024,L0701
P391,North Emmatown,74443,November,2025,L0534
P392,Tapiatown,28981,February,2012,L0833
P393,Lake Melvinburgh,54017,December,2025,L0360
P394,North Tammy,19281,January,2019,L0579
P395,Lake Robertberg,7041,October,2017,L0371
P396,Brianfort,15006,January,2021,L0045
P397,Pettyborough,68327,May,2021,L0600
P398,Taylorchester,23996,March,2019,L0836
P399,Port Tinamouth,22486,June,2017,L0685
P400,Lake John,97798,September,2023,L0347
P401,Mullinschester,45389,May,2017,L0437
P402,Cassandrabury,35236,October,2016,L0064
P403,West Jamesfurt,63968,January,2011,L0908
P404,Williamton,50920,January,2015,L0962
P405,North Melissaberg,76530,May,2023,L0564
P406,East George,26375,July,2021,L0138
P407,New Robertoville,39283,April,2020,L0496
P408,Port Gina,68351,November,2014,L0631
P409,Johntown,57257,January,2011,L0287
P410,Johnstonfort,81035,April,2023,L0286
P411,New Kylestad,77615,August,2021,L0477
P412,Solomonchester,14676,September,2013,L0749
P413,South Daniel,49120,September,2023,L0765
P414,West Ronald,34513,September,2010,L0938
P415,Sarahberg,17348,January,2023,L0728
P416,Port Elizabeth,9508,April,2023,L0628
P417,Jasonside,80227,July,2015,L0269
P418,Port Kelly,65892,May,2016,L0652
P419,Port Jamie,4247,June,2020,L0638
P420,South Evanberg,30741,January,2012,L0771
P421,Kennethport,50282,October,2016,L0313
P422,South Sarafurt,40946,August,2020,L0804
P423,South Amyborough,87207,October,2025,L0753
P424,West Brianna,23514,July,2010,L0890
P425,Codyton,60509,October,2019,L0077
P426,Lake Nathan,64586,November,2014,L0363
P427,Jamieton,95724,January,2016,L0265
P428,West Christopherside,58410,November,2022,L0894
P429,Georgeburgh,1938,October,2025,L0208
P430,Darleneland,65949,July,2020,L0095
P431,Coleborough,76835,March,2011,L0078
P432,East Leah,19814,September,2012,L0156
P433,West Brendaborough,60905,May,2010,L0889
P434,Wrightstad,26682,May,2020,L0970
P435,East Alexanderburgh,61314,March,2017,L0121
P436,South Johnhaven,99311,September,2019,L0783
P437,Jennifermouth,49804,November,2017,L0273
P438,Munozland,74894,August,2014,L0438
P439,Adambury,7186,August,2023,L0001
P440,Timothyburgh,82518,October,2018,L0848
P441,South Scott,16426,September,2025,L0806
P442,East Jason,23247,November,2024,L0141
P443,West Sheilabury,1263,May,2012,L0944
P444,North Dana,62551,January,2024,L0529
P445,North Melissaborough,47889,December,2022,L0565
P446,Richardsonland,71390,February,2020,L0700
P447,Henryborough,27262,February,2022,L0238
P448,Hallbury,61445,June,2010,L0226
P449,Dixonton,35427,August,2013,L0109
P450,North Kevinfort,74074,August,2018,L0558
P451,Wattsmouth,63832,September,2018,L0878
P452,East Brittany,65964,July,2023,L0130
P453,Woodardfort,6262,July,2018,L0964
P454,South Joelland,72302,December,2010,L0781
P455,Williamsmouth,33068,January,2010,L0961
P456,Lake Rebecca,44508,June,2010,L0368
P457,East Veronicaview,1241,September,2011,L0182
P458,Jonesview,15254,March,2018,L0291
P459,Jamesport,31778,August,2015,L0259
P460,Bruceshire,39222,December,2020,L0054
P461,Phillipsland,61669,January,2025,L0602
P462,Brandonmouth,21836,July,2023,L0038
P463,Gibbsborough,18367,May,2015,L0209
P464,New Amy,53985,October,2010,L0447
P465,Port Scott,28897,December,2014,L0680
P466,Lake Shellyborough,28563,January,2020,L0375
P467,Lake Laura,91752,April,2011,L0352
P468,East James,57880,September,2012,L0140
P469,Johnsonfurt,1385,January,2011,L0282
P470,Seanshire,85935,September,2021,L0737
P471,West Kristin,15900,May,2021,L0922
P472,Lake Michaelborough,62046,January,2014,L0362
P473,West Erikamouth,85523,July,2016,L0903
P474,Tranview,7284,March,2024,L0856
P475,Hubbardburgh,4976,May,2018,L0249
P476,Spencerchester,79266,April,2019,L0818
P477,Jamesfort,75351,June,2020,L0257
P478,Brandybury,6873,September,2016,L0039
P479,Ericside,4907,November,2022,L0190
P480,North Beth,37339,October,2022,L0525
P481,South Jason,62400,June,2017,L0777
P482,Christopherfort,57958,September,2024,L0072
P483,Greenshire,12166,April,2011,L0221
P484,Mitchellfurt,92339,December,2013,L0429
P485,Brookefurt,69354,March,2010,L0050
P486,Mcguireland,55855,September,2013,L0417
P487,Port Kimberly,71370,March,2024,L0653
P488,Tapiaberg,25917,July,2018,L0832
P489,South Dawnshire,26738,November,2020,L0766
P490,North Kelseymouth,49046,July,2020,L0556
P491,Lake Douglas,52302,November,2021,L0336
P492,East Stevenburgh,9640,May,2018,L0177
P493,Lake Jessicaview,48401,May,2024,L0346
P494,West Staceychester,84080,July,2018,L0948
P495,Jamesbury,40555,October,2022,L0256
P496,South Joefort,19915,August,2010,L0780
P497,Gordonshire,53143,May,2012,L0218
P498,South Denisefurt,46251,May,2020,L0767
P499,East Brian,10416,January,2011,L0129
P500,Lake Leroyborough,17613,April,2024,L0354
P501,Martinchester,6392,July,2023,L0406
P502,Davidshire,10088,August,2025,L0099
P503,New Charleschester,11196,November,2020,L0458
P504,West Danielmouth,61173,July,2016,L0899
P505,New Brandonport,31572,October,2018,L0452
P506,Port Joshua,13477,September,2010,L0645
P507,Johnside,75965,December,2015,L0281
P508,Diazborough,14709,June,2010,L0106
P509,North Joseph,46117,April,2024,L0550
P510,Donnaborough,13759,November,2022,L0113
P511,Port Julieport,3896,August,2012,L0647
P512,New Sheryl,34933,December,2012,L0500
P513,West Michaelville,11921,January,2023,L0932
P514,New Mary,81706,June,2024,L0484
P515,North Alexis,36304,July,2024,L0511
P516,South Gary,94411,March,2016,L0773
P517,Smithstad,22871,June,2019,L0747
P518,Snyderport,4724,May,2018,L0748
P519,South Alishafurt,61453,June,2017,L0751
P520,Tranbury,66831,April,2025,L0855
P521,Summersland,70178,July,2024,L0828
P522,West Misty,11969,May,2025,L0933
P523,South Brandonchester,65986,March,2024,L0758
P524,West Ginamouth,96906,March,2018,L0906
P525,Cookmouth,93453,September,2019,L0080
P526,West Nicholasfort,38291,October,2014,L0934
P527,West Mary,31459,December,2020,L0926
P528,Thomasshire,18744,February,2019,L0844
P529,Andersonmouth,16057,July,2019,L0015
P530,Lloydbury,20535,April,2019,L0396
P531,North Amy,76935,August,2019,L0515
P532,Port Miguel,99056,March,2010,L0664
P533,Angelamouth,24563,February,2021,L0018
P534,Amberton,77363,July,2022,L0012
P535,West Kristenborough,77276,April,2012,L0920
P536,Robynshire,14324,November,2019,L0712
P537,Sanchezchester,71488,June,2012,L0725
P538,Sherryview,68509,July,2016,L0741
P539,Toddchester,99237,January,2020,L0852
P540,Burgesstown,88107,December,2024,L0055
P541,Lake Paulfort,55440,July,2019,L0366
P542,West Sheilaland,71138,August,2025,L0945
P543,Port Nathanielmouth,82446,March,2015,L0666
P544,North Benjamin,81285,August,2022,L0524
P545,Port Kara,52160,August,2013,L0649
P546,Port Paige,25136,December,2011,L0668
P547,Port Pamelaport,35763,July,2024,L0669
P548,New Jared,46165,March,2019,L0469
P549,Port Joeport,95138,September,2017,L0643
P550,West Jonland,58465,March,2016,L0915
P551,Mckinneyton,84462,February,2014,L0419
P552,Pricebury,20787,December,2013,L0694
P553,Schroedershire,65450,March,2023,L0732
P554,Stevensonmouth,6842,May,2012,L0825
P555,East Jessicaberg,5550,July,2022,L0143
P556,Carterton,91431,October,2016,L0063
P557,Nunezmouth,20793,September,2010,L0583
P558,Port David,46027,January,2013,L0626
P559,Roseville,33476,January,2012,L0719
P560,West Anthony,80940,August,2013,L0886
P561,Mooreburgh,86738,November,2013,L0430
P562,Johnsonmouth,58874,April,2020,L0283
P563,Johnchester,85611,December,2024,L0278
P564,Potterborough,88676,April,2011,L0691
P565,Lucasstad,49916,July,2019,L0398
P566,Jamesside,30668,June,2020,L0260
P567,Timothyton,21114,January,2016,L0851
P568,Lake Paul,67296,July,2025,L0365
P569,Ashleyview,98347,August,2022,L0027
P570,Stevenstown,49074,May,2012,L0826
P571,East Jessicamouth,34198,October,2016,L0144
P572,Port Laura,39600,September,2020,L0657
P573,New Robert,83455,January,2011,L0495
P574,Johnsonstad,79960,June,2019,L0284
P575,North Angela,40082,February,2024,L0517
P576,West Keith,75229,February,2021,L0917
P577,East Marytown,21774,October,2025,L0160
P578,South Kristopherberg,62703,July,2023,L0789
P579,Stricklandfort,68598,April,2010,L0827
P580,Mosesstad,35916,January,2019,L0436
P581,West Timothy,47861,June,2016,L0951
P582,Schaefermouth,65513,December,2015,L0731
P583,North Kennethport,22802,August,2021,L0557
P584,Courtneyville,67377,December,2018,L0084
P585,South Jacob,22251,May,2016,L0776
P586,Port Betty,27381,October,2014,L0615
P587,Billyberg,7095,November,2021,L0033
P588,Pittschester,94961,February,2017,L0605
P589,Amyfort,95744,August,2016,L0014
P590,Port Justin,97085,December,2019,L0648
P591,North Johnview,74681,June,2011,L0548
P592,Port Krystalhaven,67756,February,2021,L0654
P593,Knoxside,95902,March,2015,L0317
P594,West Devin,81382,July,2011,L0902
P595,Bushtown,23681,June,2013,L0056
P596,Coreyhaven,39105,April,2011,L0082
P597,Port Cody,85120,April,2011,L0623
P598,Charlesfurt,73698,December,2019,L0066
P599,Courtneyview,58286,October,2022,L0083
P600,Port Mistyhaven,91804,June,2025,L0665
P601,Hunterchester,20727,September,2010,L0252
P602,Lake Tyler,79579,August,2016,L0384
P603,West Christina,34292,January,2017,L0893
P604,Victortown,59067,July,2019,L0869
P605,Maryview,95171,December,2014,L0410
P606,New Lesliefort,9874,August,2020,L0479
P607,West Denise,34827,March,2018,L0901
P608,West Corey,94364,February,2014,L0896
P609,New Beth,77233,July,2011,L0451
P610,Markville,44917,September,2012,L0404
P611,West Lisaton,70139,July,2014,L0924
P612,Port Helen,85169,October,2010,L0635
P613,Scottton,56301,March,2018,L0736
P614,Russellton,90240,November,2011,L0721
P615,East Michael,11431,July,2016,L0165
P616,Sarahland,68679,June,2015,L0730
P617,Gibbsside,58853,October,2014,L0210
P618,Brendaport,65529,November,2011,L0042
P619,Wrightside,80560,February,2010,L0969
P620,Reyeston,40527,June,2010,L0697
P621,Robertfurt,30798,September,2018,L0706
P622,New Matthewshire,22347,October,2013,L0485
P623,New Dustinview,54108,December,2019,L0466
P624,North James,87327,July,2017,L0541
P625,Lake Matthewmouth,15976,February,2021,L0359
P626,Hortonton,10178,July,2017,L0247
P627,Port Veronica,49392,December,2020,L0688
P628,New Richardfurt,34508,March,2012,L0494
P629,Timothychester,31472,November,2021,L0849
P630,Bradleyton,25022,January,2014,L0036
P631,East Lindsey,99389,May,2013,L0157
P632,West Cody,21462,October,2012,L0895
P633,Lake Reneetown,74500,November,2018,L0369
P634,Port Nicholas,99742,March,2016,L0667
P635,Port Latasha,49339,June,2023,L0656
P636,Sandramouth,60023,April,2021,L0727
P637,Lake Mary,52345,May,2018,L0357
P638,New Carolinemouth,82355,March,2019,L0455
P639,Richardberg,47093,April,2024,L0699
P640,South Ryan,26945,May,2025,L0802
P641,Troyside,17657,July,2016,L0859
P642,South Anthonyburgh,68628,January,2016,L0756
P643,Lake Elizabethshire,34255,June,2010,L0337
P644,Adamschester,31879,May,2022,L0003
P645,Lake Martha,94438,July,2024,L0356
P646,Karaview,50372,October,2011,L0301
P647,Teresatown,31758,December,2013,L0839
P648,Simpsonton,13314,December,2011,L0743
P649,Anthonystad,30035,November,2023,L0024
P650,Ramirezland,77643,December,2018,L0695
P651,West Bethport,91364,February,2025,L0888
P652,North Cheryl,6747,June,2010,L0528
P653,East Hollyland,95064,January,2012,L0139
P654,Riggsside,90381,March,2012,L0702
P655,West Dawnview,91458,June,2021,L0900
P656,Lake Jessicamouth,12434,April,2023,L0345
P657,Port Charles,9740,July,2024,L0620
P658,Port Josephside,59993,May,2016,L0644
P659,Port Jamesburgh,10743,October,2015,L0636
P660,Laurenview,28535,October,2025,L0390
P661,West Williamburgh,23933,August,2019,L0954
P662,East Ericfort,8284,May,2012,L0136
P663,Port Stephenhaven,59702,December,2022,L0681
P664,Petersmouth,96819,July,2023,L0596
P665,Heatherstad,66705,March,2018,L0236
P666,Houstonland,1132,August,2016,L0248
P667,Annberg,58938,February,2015,L0020
P668,South Frank,54769,August,2011,L0772
P669,East Beth,89474,April,2023,L0128
P670,North Joannberg,34085,December,2015,L0547
P671,South Michaelchester,38140,June,2014,L0793
P672,Dawnchester,30641,March,2013,L0101
P673,Riveraburgh,40253,February,2020,L0703
P674,North Katherine,12353,November,2015,L0554
P675,Phillipsside,87887,April,2017,L0603
P676,Davidhaven,44023,May,2014,L0098
P677,Phillipsville,59557,September,2019,L0604
P678,West Stevenchester,84216,December,2014,L0949
P679,Carlostown,98883,August,2022,L0060
P680,Stephenburgh,57503,August,2014,L0821
P681,Clarkfort,15072,June,2021,L0075
P682,New Marilyn,99529,July,2022,L0482
P683,North Ashleyfort,81655,December,2014,L0519
P684,East Meganchester,48007,February,2025,L0162
P685,Mooreland,48399,December,2019,L0431
P686,South Stephen,60994,July,2010,L0807
P687,Katherinefort,29989,November,2016,L0306
P688,North Ricardo,3270,December,2016,L0570
P689,West Arthurchester,44116,August,2010,L0887
P690,Port Patriciaborough,52166,October,2021,L0670
P691,North Ashleyport,75998,March,2024,L0521
P692,Port Jessicaport,92699,January,2022,L0641
P693,New Derrick,34633,June,2014,L0463
P694,South Clinton,78320,March,2018,L0763
P695,Amyburgh,6632,January,2020,L0013
P696,Lake Tyler,67664,January,2014,L0384
P697,Anthonyport,52157,June,2013,L0023
P698,East Marissafort,97640,January,2023,L0159
P699,Lake Elizabethtown,80680,July,2024,L0338
P700,Mortonstad,84788,September,2015,L0435
P701,Stanleyberg,57172,September,2015,L0819
P702,Weaverborough,23061,October,2024,L0880
P703,Perezhaven,9775,September,2024,L0595
P704,New Amanda,57260,September,2020,L0446
P705,Vanessamouth,48096,December,2022,L0863
P706,East Sherri,73306,June,2021,L0174
P707,West Kristinaport,23407,February,2013,L0923
P708,Kelseyfort,18497,April,2012,L0312
P709,West Carolyn,78356,April,2011,L0891
P710,Morrisshire,97312,October,2015,L0433
P711,New Nicholas,54629,July,2019,L0491
P712,North Judytown,50727,October,2019,L0552
P713,New Johntown,49070,December,2016,L0472
P714,Thomasbury,38280,September,2020,L0842
P715,Tamarahaven,16996,June,2012,L0831
P716,West Janicefurt,75468,April,2018,L0909
P717,Melindaborough,2295,October,2015,L0421
P718,Danielport,3497,May,2022,L0093
P719,Lake Crystal,92522,March,2021,L0331
P720,West Margaretbury,57113,August,2010,L0925
P721,West Pamelafurt,47648,May,2013,L0935
P722,Lake Stephanieland,67498,May,2011,L0377
P723,Marksstad,22916,January,2022,L0403
P724,North Jacob,70670,September,2016,L0539
P725,Guerraside,40771,October,2013,L0224
P726,Thomasshire,96155,May,2011,L0844
P727,South Joe,80137,December,2016,L0779
P728,Lake Bradley,65220,September,2025,L0324
P729,East Maria,12049,November,2012,L0158
P730,South John,68316,September,2020,L0782
P731,Maureenborough,30609,December,2022,L0415
P732,Lucasstad,53212,June,2015,L0398
P733,Martinezfort,77191,April,2021,L0407
P734,East Nataliehaven,46489,September,2012,L0168
P735,Jonesstad,61120,August,2014,L0290
P736,Barbaramouth,25359,January,2022,L0030
P737,South Mark,92930,December,2022,L0791
P738,South Tiffanyfort,80417,October,2022,L0812
P739,Port Michaeltown,22838,February,2017,L0663
P740,North Lisaview,88504,August,2018,L0560
P741,New Katherinefort,52308,June,2012,L0474
P742,West Michael,15430,August,2023,L0931
P743,Dillonside,40770,December,2021,L0108
P744,Lake Samanthafurt,82758,January,2018,L0373
P745,Lake Roger,87631,January,2014,L0372
P746,Valeriebury,35707,September,2015,L0861
P747,East Meredithfort,48562,March,2014,L0164
P748,New Christina,49564,December,2020,L0460
P749,Lake Bryan,97981,September,2010,L0326
P750,Claymouth,52389,August,2018,L0076
P751,North Erikatown,24122,November,2010,L0535
P752,East Amanda,68852,October,2011,L0123
P753,North Heatherport,41741,December,2024,L0538
P754,Crystalbury,80772,February,2024,L0088
P755,South Jodi,33668,September,2010,L0778
P756,Villegaschester,29367,June,2023,L0870
P757,New Hector,32913,February,2010,L0468
P758,South Christinahaven,49066,September,2015,L0762
P759,Fergusonland,2876,October,2018,L0198
P760,West Sierra,58618,April,2021,L0947
P761,Port Joshuaton,19282,March,2010,L0646
P762,Lake Lawrenceshire,13318,December,2013,L0353
P763,South Cynthia,17497,November,2015,L0764
P764,Gilbertland,90280,March,2020,L0212
P765,Stevenborough,33747,July,2018,L0823
P766,Ashleyview,82156,September,2016,L0027
P767,Danielville,56479,May,2012,L0094
P768,Hollyside,6287,July,2013,L0245
P769,Matthewmouth,43767,February,2012,L0413
P770,Parkerside,85087,October,2016,L0588
P771,Ibarraside,76909,June,2019,L0254
P772,North Emily,79085,December,2022,L0532
P773,Williamberg,66612,November,2012,L0959
P774,Joshuaville,82684,March,2017,L0295
P775,Torresmouth,84062,July,2012,L0853
P776,West Maureen,80694,September,2023,L0927
P777,Ericmouth,32120,February,2012,L0189
P778,Russellport,29387,April,2019,L0720
P779,Marciaton,87379,October,2022,L0399
P780,Smithborough,48912,November,2023,L0745
P781,Davishaven,57722,January,2018,L0100
P782,Gutierrezport,13946,February,2012,L0225
P783,Brownburgh,86612,March,2021,L0051
P784,Pattonstad,45594,August,2021,L0590
P785,South Caitlinland,79532,November,2014,L0760
P786,Michaelburgh,45994,March,2023,L0423
P787,New Carolynland,40920,July,2025,L0456
P788,East Annside,38322,November,2021,L0127
P789,West Jeffrey,15034,August,2022,L0911
P790,Scottmouth,76817,May,2018,L0735
P791,Jenniferchester,90415,December,2021,L0272
P792,East Kathyport,24982,June,2012,L0150
P793,New William,58984,February,2020,L0507
P794,South Tarachester,87936,October,2013,L0809
P795,Taylorhaven,29735,September,2011,L0837
P796,Walkerfurt,51679,April,2024,L0871
P797,Troychester,9264,November,2016,L0858
P798,Cynthiaton,55102,November,2013,L0090
P799,Lake Brenda,74484,March,2025,L0325
P800,Josephburgh,10606,May,2019,L0292
P801,Lake Cherylville,50916,April,2020,L0328
P802,Rogersmouth,61368,June,2016,L0717
P803,Freyshire,72307,August,2015,L0204
P804,Kimberlyborough,74104,July,2015,L0314
P805,North Andrebury,69695,May,2012,L0516
P806,South Victoriaton,67343,April,2020,L0817
P807,North Sarahview,27516,June,2022,L0574
P808,Walshchester,34990,September,2025,L0873
P809,Port Tinatown,62517,January,2017,L0686
P810,Brewerport,78198,September,2019,L0044
P811,Port Jamesfort,77817,February,2016,L0637
P812,Woodardview,11630,August,2023,L0965
P813,East Anna,39201,December,2017,L0126
P814,New Joyburgh,66540,April,2015,L0473
P815,Nguyenfort,11510,February,2015,L0508
P816,South Joshuachester,79924,December,2013,L0787
P817,Jonathanborough,93925,February,2017,L0288
P818,Katherinemouth,18019,August,2025,L0307
P819,West Timhaven,85158,November,2018,L0950
P820,Gilmoreberg,9198,September,2021,L0213
P821,Anthonyfurt,67183,August,2019,L0021
P822,North Gregoryport,67655,September,2023,L0537
P823,North Rebecca,73942,August,2020,L0569
P824,Lake Kathleen,14351,September,2011,L0349
P825,Lanetown,48308,April,2025,L0386
P826,North Stephanieberg,45747,September,2011,L0575
P827,North Cathy,25671,March,2018,L0527
P828,Clarkemouth,69589,January,2014,L0074
P829,Wrightfurt,35695,February,2025,L0967
P830,East Tracy,11936,May,2018,L0181
P831,Port Patrick,43908,November,2016,L0671
P832,Port Christopherborough,71571,December,2018,L0621
P833,Pearsonton,97151,November,2018,L0594
P834,South Anafort,49854,March,2017,L0754
P835,Carrborough,30092,May,2020,L0062
P836,West Peggyville,76366,June,2024,L0936
P837,West Judy,10814,October,2023,L0916
P838,Chasemouth,58591,August,2011,L0068
P839,South Paul,44176,October,2015,L0799
P840,Judyhaven,33982,March,2014,L0299
P841,East Juliemouth,84328,May,2012,L0149
P842,Christianfurt,64790,December,2014,L0070
P843,Valerieborough,31944,August,2023,L0860
P844,Rochabury,13433,December,2016,L0713
P845,Hudsonton,95172,September,2017,L0250
P846,Lake Sean,81528,January,2021,L0374
P847,Lake Diana,72554,January,2015,L0335
P848,Sydneyport,50911,March,2016,L0830
P849,West Robertport,21108,October,2011,L0937
P850,New Monicatown,25613,September,2011,L0489
P851,Dunlapstad,78982,February,2014,L0117
P852,Morsefurt,77676,July,2021,L0434
P853,Davenportmouth,63219,February,2016,L0097
P854,Skinnerfort,84047,December,2019,L0744
P855,East Amandahaven,62501,September,2012,L0124
P856,Audreyside,71647,May,2024,L0028
P857,East Alexander,81310,April,2021,L0120
P858,Jenningsmouth,51974,May,2012,L0275
P859,Barryhaven,86507,April,2012,L0031
P860,East Robert,50231,October,2010,L0171
P861,Ibarrashire,75855,April,2016,L0253
P862,North Austin,79390,June,2019,L0522
P863,North Samuelmouth,36277,May,2013,L0573
P864,West Valerieberg,66427,November,2014,L0952
P865,North Kimberly,10581,October,2023,L0559
P866,South Joseph,78709,July,2021,L0786
P867,North Gary,60158,January,2012,L0536
P868,Wayneside,66979,April,2020,L0879
P869,North Wendy,39294,September,2022,L0582
P870,Tiffanyfurt,45719,May,2013,L0847
P871,Hannahmouth,61886,February,2015,L0230
P872,Bradyside,31766,April,2016,L0037
P873,Port Katherinemouth,83575,July,2012,L0650
P874,Lake Mariafurt,42882,October,2014,L0355
P875,Port Davidmouth,20472,January,2011,L0627
P876,Amandashire,4710,May,2014,L0009
P877,New Frances,54134,September,2013,L0467
P878,North Pamelaview,67893,May,2019,L0568
P879,New Tylerbury,47032,June,2022,L0505
P880,East Claire,48292,September,2015,L0132
P881,New Jesse,87240,December,2020,L0470
P882,Johnmouth,46264,April,2017,L0279
P883,West Cesarchester,24817,August,2018,L0892
P884,Marcusshire,2132,December,2012,L0400
P885,East Samantha,89370,January,2010,L0172
P886,New John,39658,July,2020,L0471
P887,Ricardobury,19746,June,2016,L0698
P888,Justinside,50730,January,2015,L0300
P889,Lake Jeremiahburgh,21327,July,2020,L0343
P890,Danielport,8874,June,2013,L0093
P891,Port Michael,5546,November,2015,L0662
P892,East Migueltown,79106,August,2016,L0166
P893,Brownbury,74529,February,2019,L0052
P894,North Robert,74774,April,2023,L0571
P895,Mooreview,39365,November,2021,L0432
P896,North Toddland,63936,October,2021,L0580
P897,Zacharyfurt,50816,June,2019,L0972
P898,Stanleyberg,32970,June,2023,L0819
P899,Schultztown,91855,April,2018,L0733
P900,Port Amystad,74734,July,2013,L0610
P901,Port Carlosburgh,26214,July,2012,L0618
P902,South Donaldstad,50994,April,2014,L0768
P903,Lake Steve,65092,February,2022,L0378
P904,North Alicia,44795,October,2020,L0512
P905,Whitemouth,36249,March,2019,L0955
P906,Port Kurtburgh,81778,April,2017,L0655
P907,South Joshuafurt,5684,July,2020,L0788
P908,Whitetown,4916,September,2022,L0957
P909,Roberthaven,17819,December,2025,L0707
P910,Fowlerview,89267,February,2017,L0201
P911,Kimberlybury,72003,March,2012,L0315
P912,Christopherchester,26202,May,2011,L0071
P913,Thomasland,6512,March,2019,L0843
P914,Rodriguezport,48758,March,2011,L0715
P915,West Andrew,53100,March,2011,L0885
P916,Edwardshaven,8269,November,2020,L0183
P917,Gordonside,82473,March,2021,L0219
P918,Ellisview,99595,December,2019,L0187
P919,East Katrinaport,92196,January,2010,L0151
P920,South Jose,48875,August,2020,L0785
P921,South Bobville,67857,November,2011,L0757
P922,Lisatown,97422,August,2017,L0395
P923,Shieldsfurt,98218,August,2012,L0742
P924,Lake Stacy,55473,January,2020,L0376
P925,West Dale,90304,June,2018,L0897
P926,Marissafort,46636,February,2014,L0402
P927,South Anthony,47376,June,2018,L0755
P928,Port Courtneyfort,89421,November,2016,L0625
P929,North Emma,19145,December,2010,L0533
P930,New Thomas,95193,January,2011,L0502
P931,Amberbury,86909,May,2013,L0010
P932,Adamsfort,62723,November,2024,L0004
P933,East Alison,55542,April,2011,L0122
P934,Frankview,68417,October,2020,L0203
P935,New Megan,65140,June,2020,L0486
P936,Jodifort,86594,June,2015,L0277
P937,Lake Cheryltown,9448,December,2014,L0327
P938,North Josephfort,74717,July,2020,L0551
P939,Lake Tiffanyton,36326,March,2024,L0383
P940,Nathanville,78193,July,2011,L0442
P941,Harrischester,12777,January,2011,L0233
P942,Jamesville,80856,March,2010,L0263
P943,Lake Jenna,87931,December,2024,L0340
P944,Lake Patriciamouth,30841,October,2011,L0364
P945,Murphytown,11580,September,2025,L0440
P946,Carolmouth,49742,March,2011,L0061
P947,West Adamville,38436,September,2015,L0882
P948,Erikaview,50465,March,2015,L0191
P949,East Taramouth,7033,June,2014,L0178
P950,Damonmouth,33366,May,2023,L0091
P951,Port Timothy,50206,March,2025,L0684
P952,West Jefferyburgh,48571,October,2012,L0910
P953,Port Gregorymouth,83195,April,2025,L0633
P954,New Christopher,64482,August,2013,L0461
P955,Lake Andrewville,13928,March,2023,L0321
P956,Foxchester,38725,April,2025,L0202
P957,Ashleymouth,7278,October,2015,L0026
P958,North Jameshaven,74918,June,2021,L0543
P959,Rodriguezton,61247,November,2017,L0716
P960,Donnafurt,79727,December,2024,L0114
P961,Port Gregoryborough,36351,March,2014,L0632
P962,Kaylaborough,82651,April,2024,L0308
P963,Robinsonside,68155,January,2016,L0711
P964,West Daniel,92295,April,2024,L0898
P965,West Sheryl,38416,May,2021,L0946
P966,Edwardton,55222,October,2018,L0184
P967,Karenstad,77111,September,2010,L0304
P968,New Kristashire,45211,August,2023,L0475
P969,West Jeffrey,73427,July,2023,L0911
P970,Jameston,44147,January,2010,L0261
P971,North Melissa,88146,September,2012,L0563
P972,Port Patrick,48333,August,2020,L0671
P973,Drakebury,21280,June,2015,L0115
P974,Victoriaborough,98725,July,2023,L0867
P975,Port Jenniferbury,74787,April,2011,L0640
P976,Chaseborough,54714,February,2020,L0067
P977,Valeriestad,63388,December,2019,L0862
P978,East Keith,20526,July,2012,L0153
P979,South Natasha,82713,February,2014,L0798
P980,Lake Jennifer,38753,October,2020,L0341
P981,Lake Kathryn,91047,March,2014,L0350
P982,Wesleyburgh,98955,January,2020,L0881
P983,Gardnertown,24198,January,2021,L0207
P984,Sheilashire,47954,November,2021,L0738
P985,Lake Pennyton,77965,January,2025,L0367
P986,Nicholsmouth,10664,November,2024,L0509
P987,Dominiqueshire,20563,December,2017,L0111
P988,Duarteshire,73303,September,2023,L0116
P989,North Jonathanview,97744,November,2023,L0549
P990,Stephaniemouth,5280,April,2012,L0820
P991,Jamesbury,3296,August,2022,L0256
P992,New Taylortown,46480,July,2010,L0501
P993,Butlerchester,66964,December,2025,L0057
P994,Sandersville,79397,March,2020,L0726
P995,Ryanhaven,38523,June,2012,L0722
P996,Haynesview,41104,June,2019,L0234
P997,Port David,72922,May,2023,L0626
P998,Higginshaven,36358,September,2017,L0242
P999,New Cynthia,64900,May,2024,L0462
P1000,Diazstad,14274,April,2010,L0107
