FacilityID,Location,Type,Capacity_MW,LocationID
F001,Kennedyland,Hydro,65,L0333
F002,Jonathanmouth,Nuclear,62,L0303
F003,Russellport,Hydro,86,L0752
F004,West Melissaton,Wind,52,L0924
F005,Walkerton,Wind,99,L0879
F006,Martintown,Solar,35,L0451
F007,Richardport,Hydro,30,L0734
F008,West Jeremyburgh,Wind,65,L0909
F009,Wilsonstad,Hydro,11,L0956
F010,New Calvinport,Solar,87,L0505
F011,Lake Stevenfort,Nuclear,51,L0404
F012,East Karenshire,Wind,34,L0165
F013,Bruceville,Hydro,57,L0054
F014,Lake Tinaland,Solar,10,L0409
F015,Anthonytown,Hydro,15,L0021
F016,North Heather,Solar,79,L0585
F017,Mortonshire,Solar,37,L0488
F018,New Michael,Hydro,91,L0535
F019,New Staceychester,Nuclear,9,L0543
F020,South Jacqueline,Solar,76,L0796
F021,Anthonychester,Wind,89,L0020
F022,Williamston,Solar,58,L0952
F023,Blackstad,Nuclear,26,L0038
F024,Mitchellchester,Nuclear,15,L0474
F025,Port Rebecca,Wind,1,L0702
F026,Greenburgh,Solar,8,L0227
F027,Lake Heather,Wind,74,L0376
F028,Lake Craigchester,Hydro,93,L0362
F029,Lake Heather,Hydro,59,L0376
F030,Cynthiaburgh,Solar,9,L0099
F031,Aprilfort,Solar,55,L0022
F032,East Brandonview,Nuclear,20,L0130
F033,South Jamesberg,Solar,94,L0797
F034,Martinezton,Wind,32,L0447
F035,Orrfort,Solar,84,L0639
F036,Lake Howardton,Nuclear,88,L0377
F037,West Patrickland,Wind,99,L0929
F038,North Douglas,Wind,91,L0579
F039,Walkerton,Nuclear,50,L0879
F040,Port Jonathan,Hydro,75,L0679
F041,East Amyport,Hydro,53,L0127
F042,Hallmouth,Wind,11,L0234
F043,Garcialand,Wind,64,L0215
F044,Andrewberg,Solar,45,L0014
F045,Sharonborough,Solar,59,L0767
F046,Davidstad,Wind,40,L0105
F047,South Shannonstad,Wind,14,L0835
F048,Port Shannonmouth,Nuclear,9,L0707
F049,Port Georgemouth,Wind,45,L0669
F050,Jacobfurt,Solar,42,L0258
F051,Barnesside,Hydro,26,L0032
F052,Carterbury,Solar,69,L0061
F053,Monicaborough,Wind,85,L0477
F054,East Holly,Solar,7,L0149
F055,Chasebury,Solar,97,L0066
F056,Donaldside,Hydro,69,L0118
F057,North Ryan,Nuclear,54,L0624
F058,North Mark,Nuclear,28,L0608
F059,Deannaton,Solar,15,L0110
F060,Muellerburgh,Nuclear,82,L0491
F061,Lake Matthewview,Solar,94,L0394
F062,East Ronaldburgh,Wind,53,L0190
F063,Arnoldhaven,Hydro,49,L0024
F064,Jeffreyton,Nuclear,8,L0276
F065,New Johnmouth,Wind,53,L0526
F066,North Loribury,Solar,2,L0604
F067,Erinville,Solar,30,L0204
F068,North Catherinehaven,Nuclear,95,L0562
F069,Pruittmouth,Solar,98,L0718
F070,Stricklandside,Hydro,34,L0848
F071,Loveland,Wind,73,L0438
F072,West Justin,Solar,81,L0915
F073,Markfurt,Nuclear,10,L0443
F074,East Mariashire,Hydro,97,L0175
F075,West Christopher,Wind,32,L0895
F076,Lake Charles,Wind,75,L0360
F077,Port Austinbury,Wind,52,L0656
F078,Johnathantown,Nuclear,46,L0289
F079,East Melissa,Wind,100,L0178
F080,Williamfort,Nuclear,18,L0946
F081,Bowmanview,Nuclear,41,L0042
F082,Bethburgh,Hydro,95,L0036
F083,Port Jason,Hydro,69,L0677
F084,Chadborough,Nuclear,64,L0064
F085,North Kevinbury,Wind,17,L0600
F086,Harrisburgh,Solar,66,L0239
F087,Connietown,Nuclear,74,L0085
F088,Jonathanview,Solar,52,L0305
F089,Cindybury,Wind,29,L0076
F090,Kimville,Solar,81,L0344
F091,Vanghaven,Wind,80,L0871
F092,Johnsonmouth,Nuclear,93,L0297
F093,Mccarthyfort,Nuclear,90,L0457
F094,Richardsonberg,Wind,2,L0735
F095,New Benjamin,Wind,42,L0503
F096,Evelynberg,Solar,68,L0206
F097,Christianchester,Hydro,52,L0070
F098,North Sandra,Hydro,23,L0625
F099,Leefurt,Hydro,61,L0423
F100,Daniellechester,Nuclear,44,L0102
F101,West Krista,Hydro,52,L0918
F102,Ronaldmouth,Hydro,26,L0747
F103,Reneefurt,Wind,10,L0729
F104,New Adrienne,Wind,100,L0497
F105,Fisherchester,Solar,2,L0210
F106,Rachelborough,Solar,74,L0720
F107,Williamhaven,Wind,3,L0947
F108,Harperton,Nuclear,100,L0237
F109,Ryanborough,Solar,95,L0753
F110,New Lisatown,Hydro,94,L0531
F111,East Eugene,Solar,93,L0145
F112,Smithfort,Wind,93,L0773
F113,New Mistyton,Wind,1,L0536
F114,Nguyenside,Hydro,76,L0550
F115,West Patriciamouth,Hydro,35,L0928
F116,Gonzalezview,Solar,83,L0225
F117,South Jefferyville,Solar,63,L0799
F118,Collinschester,Wind,41,L0083
F119,Andresshire,Wind,34,L0013
F120,Alfredmouth,Solar,3,L0006
F121,West Kathleen,Wind,71,L0916
F122,Port Henry,Solar,28,L0672
F123,Paulberg,Hydro,36,L0648
F124,South Steven,Wind,42,L0837
F125,Leebury,Nuclear,92,L0422
F126,Tonyfort,Solar,67,L0863
F127,Glendaland,Wind,80,L0222
F128,West Ericafurt,Wind,78,L0903
F129,Jasmineburgh,Solar,7,L0268
F130,Scottmouth,Hydro,82,L0766
F131,Christopherburgh,Solar,63,L0072
F132,Theresaland,Nuclear,87,L0856
F133,Lake Danielton,Solar,6,L0365
F134,New Valerieport,Hydro,88,L0549
F135,Cookbury,Hydro,64,L0087
F136,Sanchezberg,Wind,96,L0761
F137,Thomasberg,Solar,24,L0857
F138,Theodoreshire,Wind,4,L0855
F139,South Phillip,Nuclear,45,L0825
F140,Sandersberg,Nuclear,50,L0763
F141,Hicksview,Nuclear,8,L0246
F142,Jakefort,Solar,30,L0260
F143,Rubenville,Nuclear,95,L0750
F144,Jenniferberg,Solar,73,L0277
F145,West Yolandafort,Hydro,76,L0941
F146,Amandabury,Solar,46,L0010
F147,Jeffreyshire,Hydro,79,L0275
F148,East Alexanderview,Wind,70,L0124
F149,North Seth,Wind,16,L0628
F150,West Bonnieberg,Wind,62,L0888
F151,Port Jamie,Nuclear,45,L0675
F152,Port Christina,Solar,83,L0663
F153,Lake Linda,Solar,40,L0389
F154,Aprilport,Solar,91,L0023
F155,Josefort,Hydro,84,L0311
F156,Chavezmouth,Nuclear,53,L0067
F157,New Katelyn,Wind,38,L0529
F158,Lake Brianmouth,Wind,99,L0355
F159,Martinezville,Nuclear,11,L0449
F160,East Garrettburgh,Nuclear,13,L0147
F161,New Christopher,Wind,56,L0507
F162,Benjaminmouth,Wind,35,L0035
F163,Sherryberg,Solar,72,L0769
F164,Clarkview,Solar,52,L0077
F165,East Nicole,Nuclear,84,L0184
F166,Port Sean,Solar,56,L0706
F167,Annatown,Nuclear,7,L0018
F168,Christophermouth,Solar,90,L0074
F169,South Amber,Hydro,7,L0779
F170,Lake Daniel,Hydro,1,L0364
F171,Kathleenborough,Wind,98,L0328
F172,Hernandezville,Nuclear,39,L0245
F173,Rebeccastad,Nuclear,40,L0727
F174,South Elijah,Wind,33,L0794
F175,Thomasstad,Hydro,80,L0859
F176,Lake Harold,Hydro,77,L0374
F177,Lake Wesley,Solar,34,L0411
F178,Kennethport,Hydro,79,L0335
F179,Loribury,Solar,65,L0436
F180,Adambury,Nuclear,74,L0000
F181,Nelsonburgh,Wind,3,L0496
F182,Romeroton,Hydro,1,L0746
F183,Port Rebecca,Solar,73,L0702
F184,Ericberg,Solar,65,L0201
F185,Ericborough,Wind,61,L0202
F186,South Amber,Nuclear,1,L0779
F187,East Dennisbury,Wind,66,L0139
F188,South Keithton,Solar,58,L0810
F189,Bobbyton,Solar,7,L0039
F190,Mooreborough,Hydro,65,L0480
F191,New Elizabethtown,Wind,45,L0515
F192,Harrisborough,Solar,99,L0238
F193,Christopherhaven,Wind,37,L0073
F194,Kimberlyside,Wind,84,L0340
F195,Davisberg,Nuclear,4,L0106
F196,Port Ian,Wind,39,L0673
F197,Smithshire,Nuclear,97,L0775
F198,Martinezview,Wind,58,L0448
F199,Port Beverlyfort,Wind,30,L0657
F200,Johnsonville,Nuclear,81,L0299
F201,West Robert,Nuclear,14,L0931
F202,Port Rachel,Wind,33,L0699
F203,Sullivanmouth,Solar,74,L0849
F204,Bryanland,Hydro,47,L0055
F205,North Marcusstad,Solar,2,L0606
F206,Lake Jessica,Hydro,81,L0383
F207,Dianamouth,Wind,72,L0116
F208,North Robin,Wind,93,L0623
F209,Lake Jacobchester,Hydro,89,L0379
F210,Rossfort,Nuclear,32,L0748
F211,Paigetown,Hydro,93,L0641
F212,Lake Catherine,Hydro,7,L0358
F213,Brownland,Wind,65,L0053
F214,Annaberg,Nuclear,94,L0015
F215,Ellismouth,Nuclear,35,L0198
F216,Loriport,Hydro,92,L0437
F217,Gonzalezhaven,Nuclear,22,L0224
F218,Kristenland,Nuclear,10,L0346
F219,Port Roberthaven,Nuclear,28,L0704
F220,Powellshire,Hydro,54,L0715
F221,Joneschester,Solar,26,L0307
F222,Timothytown,Wind,11,L0862
F223,Port Melissatown,Hydro,29,L0694
F224,West Julia,Solar,26,L0914
F225,Campbellport,Hydro,16,L0058
F226,Josephland,Hydro,58,L0312
F227,Lauraborough,Wind,20,L0416
F228,Woodardbury,Nuclear,14,L0958
F229,Port Randystad,Hydro,88,L0701
F230,New Mark,Hydro,74,L0534
F231,Lake Jessica,Wind,99,L0383
F232,New Marialand,Solar,52,L0533
F233,Lake Alexander,Wind,10,L0351
F234,Stephanieburgh,Hydro,20,L0845
F235,West Nicholasside,Solar,40,L0927
F236,Dickersonfurt,Nuclear,56,L0117
F237,Tabithafort,Wind,69,L0851
F238,Brandonmouth,Wind,95,L0044
F239,North Sean,Wind,31,L0627
F240,Ballhaven,Nuclear,56,L0030
F241,Port Brian,Nuclear,45,L0658
F242,West Joseport,Wind,41,L0913
F243,Madisonberg,Nuclear,26,L0440
F244,Houstonton,Hydro,92,L0249
F245,Smithview,Nuclear,21,L0777
F246,East Erika,Hydro,100,L0143
F247,New Daniel,Wind,71,L0509
F248,East Pambury,Hydro,63,L0186
F249,North Chloe,Wind,5,L0564
F250,Lake James,Nuclear,94,L0380
F251,Nealhaven,Solar,73,L0494
F252,New Michael,Solar,59,L0535
F253,Port Wanda,Wind,77,L0714
F254,Stevenland,Wind,31,L0847
F255,North Ebonyview,Solar,61,L0580
F256,Kristinberg,Hydro,25,L0347
F257,New Jasonport,Solar,29,L0522
F258,South Danielland,Solar,30,L0788
F259,Port Michael,Solar,5,L0695
F260,South Melissafurt,Nuclear,69,L0818
F261,Richardstad,Solar,66,L0736
F262,Codyburgh,Hydro,7,L0081
F263,Jesseport,Hydro,4,L0285
F264,North Peterton,Wind,94,L0617
F265,Port Jamie,Nuclear,99,L0675
F266,West Michelletown,Hydro,32,L0925
F267,Whitebury,Solar,21,L0943
F268,Lake Michaelchester,Hydro,15,L0398
F269,Lake Lorihaven,Solar,18,L0392
F270,New Patriciaport,Hydro,5,L0537
F271,Lawrencefort,Wind,12,L0420
F272,Janetberg,Solar,10,L0267
F273,North Timothybury,Nuclear,20,L0633
F274,North Margarettown,Nuclear,31,L0607
F275,West Robert,Hydro,55,L0931
F276,West Heatherbury,Hydro,72,L0907
F277,South Jennifer,Nuclear,38,L0800
F278,Wilsonberg,Nuclear,1,L0955
F279,Jamesbury,Wind,68,L0262
F280,East Julia,Nuclear,59,L0161
F281,New Gregory,Wind,91,L0519
F282,East Michaelfurt,Wind,96,L0179
F283,Michellemouth,Nuclear,34,L0470
F284,Bridgetmouth,Nuclear,42,L0050
F285,South Benjaminmouth,Hydro,76,L0781
F286,Jasonburgh,Solar,90,L0270
F287,Catherineside,Solar,2,L0063
F288,North Patrick,Wind,6,L0616
F289,North Jackfurt,Nuclear,75,L0587
F290,West Jim,Wind,66,L0911
F291,Christiebury,Hydro,2,L0071
F292,East Julieshire,Hydro,49,L0163
F293,Lake Wayne,Wind,31,L0410
F294,Lake Molly,Nuclear,41,L0400
F295,Mosleyhaven,Wind,82,L0489
F296,Port Kellyfurt,Wind,57,L0684
F297,Johnsonton,Solar,71,L0298
F298,West Edwardtown,Nuclear,48,L0901
F299,Williamshire,Nuclear,71,L0949
F300,Joshualand,Hydro,25,L0316
F301,Port Catherine,Solar,50,L0661
F302,Griffithview,Wind,85,L0230
F303,Brandychester,Wind,15,L0045
F304,Rodriguezburgh,Nuclear,1,L0742
F305,Johnside,Nuclear,94,L0294
F306,West Brianton,Hydro,99,L0891
F307,Laurenside,Solar,94,L0418
F308,Jamesside,Nuclear,40,L0264
F309,New Gilberthaven,Wind,48,L0518
F310,East Dawnfort,Solar,1,L0138
F311,Kimberlymouth,Hydro,97,L0339
F312,Lake Lori,Nuclear,86,L0391
F313,Cantuborough,Hydro,38,L0060
F314,West Seanfurt,Solar,87,L0933
F315,West Melissa,Nuclear,66,L0923
F316,Leeville,Hydro,29,L0426
F317,Conradstad,Solar,73,L0086
F318,West Theodore,Wind,27,L0937
F319,Lake Justin,Wind,49,L0386
F320,Juliafort,Solar,15,L0320
F321,Dawnbury,Solar,26,L0108
F322,New Paulchester,Solar,21,L0539
F323,Christyville,Solar,88,L0075
F324,South Dawnmouth,Solar,21,L0792
F325,Mendozastad,Hydro,73,L0464
F326,Katherineberg,Nuclear,60,L0324
F327,Jenniferfurt,Solar,79,L0279
F328,Hendersonberg,Hydro,33,L0242
F329,Floresborough,Nuclear,49,L0211
F330,Sanchezhaven,Solar,99,L0762
F331,Brewerton,Wind,25,L0048
F332,Williamsport,Wind,100,L0951
F333,Claytonshire,Solar,49,L0078
F334,Hernandezmouth,Nuclear,24,L0244
F335,New Anthony,Hydro,34,L0500
F336,Lambertmouth,Wind,57,L0413
F337,Tylershire,Wind,60,L0869
F338,North Brittany,Nuclear,85,L0560
F339,North Megan,Hydro,2,L0612
F340,Lake Lindsey,Wind,76,L0390
F341,Port Melissa,Hydro,51,L0692
F342,Alexanderberg,Solar,5,L0004
F343,West Ericton,Solar,39,L0904
F344,North Bonnieton,Wind,95,L0558
F345,Allisonfort,Solar,26,L0008
F346,Cunninghamtown,Solar,18,L0096
F347,Port Christian,Hydro,13,L0662
F348,North Donnamouth,Hydro,61,L0578
F349,Dianabury,Wind,23,L0115
F350,Geraldberg,Nuclear,95,L0221
F351,Billymouth,Nuclear,38,L0037
F352,Elizabethborough,Nuclear,76,L0195
F353,Garymouth,Hydro,10,L0217
F354,South Ricky,Wind,39,L0827
F355,Port Steven,Hydro,72,L0708
F356,Barbarafort,Nuclear,2,L0031
F357,Currychester,Hydro,89,L0097
F358,Port Melissaborough,Solar,13,L0693
F359,Lake Gabriellemouth,Solar,56,L0370
F360,Brandyland,Nuclear,70,L0046
F361,Alvarezmouth,Solar,31,L0009
F362,Garyville,Wind,32,L0218
F363,Lake Jeffrey,Wind,8,L0381
F364,New Ashley,Solar,79,L0502
F365,Floresview,Solar,72,L0212
F366,North Timothy,Nuclear,10,L0632
F367,West Teresa,Nuclear,46,L0936
F368,Lake Jacksonberg,Wind,57,L0378
F369,East Ginaborough,Solar,71,L0148
F370,New Loriborough,Hydro,89,L0532
F371,New Donnahaven,Nuclear,54,L0513
F372,Goodtown,Nuclear,4,L0226
F373,Lake Kaylaberg,Solar,27,L0387
F374,New Joeland,Wind,69,L0525
F375,Velezberg,Hydro,34,L0874
F376,Markhaven,Nuclear,14,L0444
F377,Port Michelestad,Hydro,90,L0697
F378,Jonesfurt,Wind,78,L0308
F379,Lindatown,Solar,60,L0430
F380,Nicolestad,Nuclear,61,L0551
F381,Samanthahaven,Nuclear,43,L0759
F382,Lake Tinachester,Nuclear,53,L0408
F383,South Jasmineborough,Wind,36,L0798
F384,Lake Melissafurt,Solar,58,L0397
F385,Morganland,Solar,33,L0485
F386,South Johnshire,Wind,75,L0802
F387,Jenniferberg,Solar,55,L0277
F388,North Danielburgh,Hydro,78,L0574
F389,Williamsonhaven,Solar,74,L0950
F390,Coxtown,Hydro,79,L0093
F391,Kennethstad,Solar,100,L0336
F392,Meganstad,Hydro,79,L0460
F393,North Rachel,Solar,70,L0619
F394,Lynnport,Nuclear,69,L0439
F395,Lake Charles,Solar,76,L0360
F396,East Crystalberg,Hydro,79,L0135
F397,Stevenland,Hydro,94,L0847
F398,Mossmouth,Hydro,30,L0490
F399,Port Audreyfort,Solar,2,L0655
F400,Ianland,Solar,24,L0256
F401,Port Gregorychester,Wind,61,L0670
F402,North Connorbury,Solar,82,L0569
F403,Johnberg,Nuclear,25,L0290
F404,Meganshire,Nuclear,6,L0459
F405,Shawnmouth,Hydro,50,L0768
F406,Port Erin,Nuclear,16,L0667
F407,South Nathanielton,Solar,5,L0821
F408,Patriciaside,Wind,22,L0645
F409,Westfurt,Wind,65,L0942
F410,Evansmouth,Solar,60,L0205
F411,Port Kennethton,Solar,4,L0686
F412,Jefferyside,Wind,4,L0273
F413,Jamesborough,Wind,20,L0261
F414,East Amberville,Nuclear,72,L0126
F415,North Sharon,Wind,59,L0629
F416,Weberton,Wind,38,L0882
F417,West Ralph,Wind,64,L0930
F418,Bakerberg,Nuclear,14,L0028
F419,Meltonbury,Nuclear,21,L0463
F420,New Stephanieview,Wind,39,L0545
F421,South Keithshire,Nuclear,1,L0809
F422,Zacharyville,Solar,66,L0962
F423,New Cindy,Nuclear,8,L0508
F424,Marshmouth,Hydro,11,L0445
F425,Moorestad,Wind,97,L0483
F426,South Kathleen,Nuclear,93,L0807
F427,North Barbara,Wind,80,L0557
F428,Jonathanchester,Hydro,14,L0302
F429,Jenniferland,Nuclear,33,L0280
F430,East Jessica,Hydro,76,L0153
F431,Lake Deanna,Nuclear,98,L0367
F432,Lake Rickey,Nuclear,47,L0403
F433,Debraville,Nuclear,76,L0111
F434,North Aaron,Wind,99,L0553
F435,South Tyler,Solar,48,L0842
F436,Johnmouth,Nuclear,54,L0291
F437,Jonesshire,Wind,68,L0310
F438,Morrisstad,Hydro,16,L0487
F439,Brittanyland,Hydro,46,L0051
F440,Ricehaven,Wind,89,L0731
F441,Sherryland,Solar,29,L0770
F442,New Teresafort,Hydro,3,L0546
F443,Danielletown,Wind,19,L0103
F444,Mathewsside,Wind,87,L0454
F445,Port Gene,Wind,63,L0668
F446,Ericaville,Nuclear,22,L0200
F447,Ramirezland,Nuclear,67,L0724
F448,Cordovaland,Nuclear,4,L0089
F449,North Stephaniemouth,Solar,17,L0630
F450,Erinbury,Solar,84,L0203
F451,East Kristyshire,Solar,68,L0171
F452,West Benjamin,Wind,13,L0887
F453,West Stephenburgh,Hydro,96,L0934
F454,Kennethhaven,Solar,26,L0334
F455,North David,Hydro,1,L0576
F456,New James,Solar,22,L0520
F457,East Juan,Solar,49,L0160
F458,South Ruthstad,Wind,19,L0831
F459,South Craig,Nuclear,71,L0783
F460,New Edward,Nuclear,5,L0514
F461,Gutierrezhaven,Hydro,43,L0232
F462,Port Tammyshire,Solar,21,L0710
F463,Kathleenland,Solar,93,L0329
F464,Taylorberg,Hydro,4,L0854
F465,Murilloborough,Nuclear,45,L0492
F466,Karenside,Nuclear,30,L0323
F467,East Jenniferstad,Wind,31,L0151
F468,Howardburgh,Hydro,83,L0250
F469,South Tami,Nuclear,66,L0839
F470,West Matthew,Wind,73,L0921
F471,Port Kellyshire,Wind,97,L0685
F472,Lake Meganton,Hydro,26,L0396
F473,Salazarfort,Hydro,86,L0757
F474,Jonesland,Hydro,22,L0309
F475,Harrisonview,Hydro,99,L0240
F476,Thomaschester,Solar,19,L0858
F477,North John,Wind,1,L0596
F478,North Kevin,Wind,16,L0599
F479,Keithmouth,Wind,22,L0331
F480,Lake Reneeton,Solar,9,L0402
F481,West Timothyburgh,Wind,95,L0938
F482,New Brandon,Hydro,69,L0504
F483,Danaborough,Wind,2,L0101
F484,Lopezborough,Nuclear,12,L0435
F485,Matthewbury,Wind,74,L0455
F486,Troyborough,Solar,39,L0866
F487,Sotochester,Wind,24,L0778
F488,North Gregoryshire,Nuclear,80,L0583
F489,Jerryport,Nuclear,91,L0284
F490,North Candice,Nuclear,62,L0561
F491,Ryanside,Hydro,62,L0756
F492,Christensenmouth,Nuclear,3,L0069
F493,West Tammystad,Hydro,1,L0935
F494,Port Julie,Nuclear,20,L0681
F495,Coleshire,Hydro,87,L0082
F496,Cameronberg,Nuclear,14,L0056
F497,Kimberlyborough,Hydro,35,L0338
F498,Cooleyside,Wind,22,L0088
F499,South David,Wind,20,L0789
F500,East Desiree,Wind,69,L0140
F501,Marcusborough,Nuclear,74,L0442
F502,Cassandramouth,Wind,53,L0062
F503,Lake Megan,Wind,19,L0395
F504,Garzastad,Nuclear,41,L0219
F505,South Shelly,Solar,22,L0836
F506,West Kelly,Nuclear,55,L0917
F507,Parkerfort,Hydro,61,L0643
F508,North Kimberlyborough,Nuclear,61,L0602
F509,North Kaitlin,Hydro,39,L0597
F510,North Jennifer,Solar,96,L0594
F511,Sandrashire,Nuclear,80,L0765
F512,Brockmouth,Wind,47,L0052
F513,South Kristinbury,Solar,94,L0813
F514,East Mark,Solar,98,L0176
F515,Kyleberg,Hydro,86,L0348
F516,Jasonport,Nuclear,71,L0271
F517,Mitchellmouth,Wind,62,L0475
F518,Curtisport,Nuclear,12,L0098
F519,Charlesfurt,Solar,40,L0065
F520,Paulachester,Hydro,57,L0647
F521,North Craigchester,Hydro,26,L0571
F522,Robyntown,Wind,7,L0740
F523,Pittmanfort,Nuclear,14,L0653
F524,East Edwardshire,Solar,12,L0141
F525,Lake Anthonyberg,Solar,41,L0354
F526,Port Eric,Hydro,48,L0666
F527,Parkerton,Solar,77,L0644
F528,Jeffersonshire,Nuclear,43,L0272
F529,East Daniel,Wind,43,L0136
F530,South Peterside,Nuclear,32,L0824
F531,New Carlport,Solar,14,L0506
F532,Jasmineton,Solar,78,L0269
F533,Rushland,Wind,97,L0751
F534,Port Edward,Nuclear,91,L0665
F535,East Meganstad,Nuclear,54,L0177
F536,Dunnborough,Wind,44,L0122
F537,South Cristianport,Wind,54,L0784
F538,East Christopher,Wind,15,L0133
F539,Beasleyview,Nuclear,72,L0033
F540,East John,Nuclear,28,L0155
F541,Laurenburgh,Solar,87,L0417
F542,Jenniferchester,Nuclear,5,L0278
F543,New Thomas,Hydro,57,L0547
F544,Huntmouth,Solar,84,L0254
F545,South Katrina,Solar,51,L0808
F546,North Danielmouth,Wind,1,L0575
F547,South Robert,Wind,46,L0828
F548,Port Jenniferborough,Wind,71,L0678
F549,Watsonshire,Nuclear,89,L0881
F550,East Kristenmouth,Hydro,20,L0170
F551,Hallburgh,Hydro,78,L0233
F552,South Kellymouth,Wind,24,L0811
F553,Bowenfurt,Nuclear,32,L0041
F554,East Paul,Solar,34,L0187
F555,Lake Michelleview,Hydro,88,L0399
F556,North Ivan,Hydro,26,L0586
F557,East Oscar,Nuclear,56,L0185
F558,South Paulaburgh,Hydro,21,L0823
F559,East Carlos,Solar,33,L0131
F560,Paynestad,Wind,78,L0649
F561,Riversmouth,Wind,54,L0738
F562,Port Debraburgh,Wind,10,L0664
F563,Gregorychester,Wind,57,L0229
F564,Alexanderborough,Wind,76,L0005
F565,North Cathyfort,Nuclear,7,L0563
F566,Jeremyhaven,Nuclear,45,L0283
F567,Pamelahaven,Wind,72,L0642
F568,New Staciechester,Nuclear,40,L0544
F569,New Patrickburgh,Nuclear,70,L0538
F570,Josephmouth,Wind,50,L0313
F571,East Michelle,Wind,35,L0181
F572,Port Josephside,Wind,96,L0680
F573,Walkerhaven,Hydro,23,L0878
F574,Crystalview,Wind,95,L0095
F575,Port Matthew,Hydro,25,L0690
F576,North Eugenechester,Nuclear,71,L0582
F577,West Benjamin,Solar,59,L0887
F578,Port Kristaland,Solar,95,L0687
F579,Feliciaville,Solar,89,L0208
F580,West Carolyn,Hydro,98,L0893
F581,Huangborough,Solar,50,L0251
F582,South Paul,Solar,53,L0822
F583,Heidiberg,Solar,78,L0241
F584,Whiteport,Wind,90,L0944
F585,Coreyside,Hydro,71,L0090
F586,Johnsonchester,Hydro,77,L0296
F587,Monicafurt,Solar,67,L0479
F588,Rodneychester,Hydro,15,L0741
F589,South Melissaport,Wind,76,L0819
F590,Port Karen,Hydro,19,L0683
F591,Lindseymouth,Solar,39,L0432
F592,Lake Rebecca,Nuclear,32,L0401
F593,Salazarmouth,Nuclear,34,L0758
F594,Rachelstad,Nuclear,76,L0723
F595,Williehaven,Hydro,53,L0954
F596,Meganberg,Wind,3,L0458
F597,Olsenton,Nuclear,17,L0638
F598,Lake Alejandrachester,Solar,84,L0350
F599,Longborough,Hydro,24,L0434
F600,North Marcus,Solar,88,L0605
F601,West Joann,Solar,70,L0912
F602,Davisburgh,Wind,11,L0107
F603,Richardhaven,Solar,5,L0733
F604,East Christopherburgh,Hydro,51,L0134
F605,South Tina,Wind,91,L0841
F606,Lake Kristen,Solar,58,L0388
F607,New Emilychester,Hydro,12,L0516
F608,Port Marybury,Wind,12,L0689
F609,Melissahaven,Solar,27,L0461
F610,East Kimberly,Nuclear,75,L0168
F611,Boydchester,Solar,42,L0043
F612,North April,Nuclear,32,L0556
F613,Vincentmouth,Solar,78,L0875
F614,Port Michaelmouth,Hydro,42,L0696
F615,Frenchchester,Nuclear,28,L0214
F616,Katherinemouth,Wind,76,L0325
F617,Joshuaburgh,Solar,75,L0315
F618,North Crystal,Wind,48,L0572
F619,West Dustinberg,Hydro,35,L0899
F620,South Davidtown,Solar,29,L0790
F621,Lake Alyssatown,Wind,90,L0352
F622,Lake Carol,Wind,74,L0357
F623,West Roberta,Nuclear,98,L0932
F624,Frankfort,Solar,76,L0213
F625,Robertsburgh,Wind,56,L0739
F626,Annamouth,Nuclear,76,L0017
F627,Lake Gina,Wind,80,L0371
F628,Wagnerview,Nuclear,53,L0877
F629,Greenfort,Solar,7,L0228
F630,New Andrewland,Hydro,74,L0498
F631,North Erik,Nuclear,6,L0581
F632,Jamesfurt,Solar,59,L0263
F633,Riverafurt,Solar,27,L0737
F634,North Jamesbury,Hydro,1,L0590
F635,Port Justin,Solar,1,L0682
F636,East Joshua,Wind,2,L0159
F637,Bakertown,Nuclear,55,L0029
F638,Turnerbury,Wind,49,L0868
F639,Youngmouth,Nuclear,83,L0960
F640,Port Carolfort,Hydro,42,L0660
F641,New Dennis,Nuclear,64,L0511
F642,Woodsstad,Solar,45,L0959
F643,Port Calvin,Hydro,16,L0659
F644,West Garrett,Solar,4,L0906
F645,New Fredtown,Solar,41,L0517
F646,Clinefurt,Hydro,21,L0079
F647,West Jesseburgh,Nuclear,26,L0910
F648,Lake Faithville,Solar,75,L0369
F649,Lindachester,Nuclear,60,L0428
F650,North James,Nuclear,28,L0589
F651,West Elizabethton,Solar,38,L0902
F652,East Carolfurt,Nuclear,79,L0132
F653,Lambside,Nuclear,52,L0414
F654,Smithport,Solar,19,L0774
F655,Perezside,Solar,47,L0650
F656,East Lauramouth,Hydro,51,L0173
F657,Port Stevenfurt,Hydro,77,L0709
F658,Lake Timothy,Wind,79,L0407
F659,Hannahstad,Nuclear,51,L0236
F660,North Heather,Solar,96,L0585
F661,Lake Amandastad,Solar,87,L0353
F662,South Christopher,Nuclear,93,L0782
F663,North Matthew,Wind,94,L0611
F664,Anthonyberg,Hydro,71,L0019
F665,New Juliestad,Nuclear,48,L0528
F666,West Andrea,Solar,76,L0884
F667,Wongchester,Wind,71,L0957
F668,South Justin,Solar,62,L0804
F669,Moorebury,Nuclear,55,L0481
F670,Johnsonmouth,Wind,28,L0297
F671,Port Theresaberg,Wind,22,L0711
F672,Johnsonburgh,Solar,34,L0295
F673,Alejandrochester,Solar,14,L0003
F674,New Desireestad,Hydro,32,L0512
F675,Delgadohaven,Solar,84,L0112
F676,North Maryfort,Hydro,15,L0610
F677,Kimshire,Wind,27,L0343
F678,Andreabury,Solar,93,L0012
F679,Clineview,Wind,76,L0080
F680,Valenzuelamouth,Solar,93,L0870
F681,Monicachester,Nuclear,83,L0478
F682,Rodrigueztown,Solar,12,L0743
F683,Aguilarview,Nuclear,67,L0002
F684,South Dwayne,Wind,33,L0793
F685,Michelestad,Wind,27,L0468
F686,New April,Hydro,69,L0501
F687,South Mason,Wind,29,L0817
F688,Karenchester,Wind,82,L0322
F689,North Raymond,Hydro,99,L0620
F690,Jonathanmouth,Solar,64,L0303
F691,West Madison,Solar,9,L0920
F692,Kevinport,Nuclear,25,L0337
F693,Kingfort,Wind,92,L0345
F694,New Angelachester,Hydro,23,L0499
F695,East John,Solar,30,L0155
F696,Mitchellview,Solar,15,L0476
F697,South Karentown,Nuclear,27,L0805
F698,Taraside,Wind,81,L0853
F699,Katherinestad,Hydro,28,L0326
F700,East Marcfurt,Wind,66,L0174
F701,Jessicabury,Wind,7,L0286
F702,Kyleside,Hydro,98,L0349
F703,Ashleyfurt,Wind,73,L0026
F704,South Ronaldview,Wind,9,L0830
F705,Edwardsfurt,Hydro,77,L0194
F706,Johnview,Wind,24,L0301
F707,Hunterside,Hydro,32,L0253
F708,West Tinashire,Nuclear,88,L0939
F709,Port Heather,Nuclear,1,L0671
F710,West Matthewville,Wind,31,L0922
F711,Reeseland,Hydro,43,L0728
F712,Lawsonview,Wind,35,L0421
F713,South Daniel,Wind,67,L0787
F714,Williamsport,Solar,23,L0951
F715,Diamondview,Solar,64,L0114
F716,Jonesburgh,Nuclear,10,L0306
F717,North Davidmouth,Wind,51,L0577
F718,Lindastad,Solar,21,L0429
F719,Joshuaside,Nuclear,50,L0317
F720,New Jessicatown,Solar,74,L0524
F721,East Michaelview,Hydro,5,L0180
F722,Leeton,Wind,86,L0425
F723,Goldenside,Nuclear,8,L0223
F724,West David,Wind,54,L0896
F725,East Jessicastad,Nuclear,86,L0154
F726,East Zachary,Nuclear,73,L0193
F727,Hillborough,Wind,96,L0247
F728,North Sandra,Solar,88,L0625
F729,East Krista,Hydro,100,L0169
F730,Jonesland,Hydro,45,L0309
F731,Aliciamouth,Solar,54,L0007
F732,Adamsfort,Solar,83,L0001
F733,Gutierrezborough,Wind,100,L0231
F734,Jameston,Hydro,2,L0265
F735,South Crystalburgh,Solar,94,L0786
F736,Port Andrewfort,Nuclear,37,L0654
F737,South Joshua,Hydro,76,L0803
F738,Bridgesstad,Solar,50,L0049
F739,Lindseybury,Solar,70,L0431
F740,Meyerhaven,Hydro,91,L0465
F741,Brendamouth,Hydro,16,L0047
F742,West Dylanberg,Nuclear,75,L0900
F743,Phillipchester,Solar,63,L0651
F744,Hallmouth,Nuclear,19,L0234
F745,Port Phillip,Nuclear,94,L0698
F746,North Jamesmouth,Wind,67,L0591
F747,New David,Solar,61,L0510
F748,Singletonside,Solar,88,L0771
F749,Lake Hannahmouth,Solar,34,L0373
F750,East Reginaburgh,Wind,75,L0189
F751,Douglasberg,Solar,32,L0120
F752,Kimmouth,Nuclear,57,L0342
F753,Kimbury,Nuclear,37,L0341
F754,Lake Cynthiamouth,Hydro,6,L0363
F755,East David,Wind,46,L0137
F756,Padillaton,Solar,84,L0640
F757,West Brandon,Nuclear,85,L0889
F758,East Jordan,Hydro,75,L0157
F759,Garciastad,Hydro,6,L0216
F760,East Kevinmouth,Solar,30,L0167
F761,Jeffreymouth,Solar,27,L0274
F762,Lake Williamshire,Nuclear,47,L0412
F763,Boltonborough,Nuclear,42,L0040
F764,East Erinmouth,Wind,52,L0144
F765,Martinezberg,Hydro,26,L0446
F766,New Julie,Hydro,38,L0527
F767,Annaland,Solar,52,L0016
F768,Crystaltown,Nuclear,60,L0094
F769,South Kim,Hydro,72,L0812
F770,Elliottview,Nuclear,77,L0197
F771,Williamsville,Nuclear,17,L0953
F772,Andersonmouth,Hydro,49,L0011
F773,Dennisberg,Solar,35,L0113
F774,Thompsonside,Solar,48,L0861
F775,West Debbiestad,Hydro,67,L0898
F776,North Nichole,Nuclear,29,L0615
F777,North Annetteberg,Hydro,60,L0555
F778,East Misty,Solar,7,L0182
F779,Juanport,Nuclear,8,L0319
F780,Elizabethville,Solar,100,L0196
F781,West Erik,Hydro,39,L0905
F782,Melissamouth,Nuclear,71,L0462
F783,South Crystal,Solar,48,L0785
F784,North Tonya,Wind,57,L0634
F785,Pattersonton,Nuclear,62,L0646
F786,Jonathantown,Wind,19,L0304
F787,Rollinsmouth,Hydro,27,L0745
F788,Fischerport,Wind,16,L0209
F789,Troyhaven,Solar,1,L0867
F790,East Monicafort,Wind,4,L0183
F791,North Kellyshire,Solar,56,L0598
F792,Moorefurt,Solar,12,L0482
F793,East Stephenberg,Hydro,47,L0192
F794,Lake Julieport,Hydro,72,L0385
F795,East Jonview,Solar,47,L0156
F796,Hermanfurt,Hydro,27,L0243
F797,Smithborough,Hydro,58,L0772
F798,Royshire,Wind,6,L0749
F799,North Saraview,Wind,56,L0626
F800,Lake Gregoryhaven,Nuclear,28,L0372
F801,North Michael,Hydro,90,L0613
F802,West Allisonstad,Nuclear,16,L0883
F803,Maryfort,Solar,93,L0453
F804,South Robert,Hydro,47,L0828
F805,North Colin,Wind,83,L0568
F806,West Brandon,Hydro,16,L0889
F807,West Dawn,Hydro,71,L0897
F808,North Brett,Solar,36,L0559
F809,Zunigaborough,Nuclear,96,L0963
F810,North Coryborough,Nuclear,98,L0570
F811,Wagnerfurt,Wind,42,L0876
F812,Port Tommy,Wind,60,L0712
F813,West Brendahaven,Solar,20,L0890
F814,Port Jacquelineshire,Hydro,94,L0674
F815,New Mark,Wind,70,L0534
F816,South Phillipbury,Wind,79,L0826
F817,West Trevor,Wind,93,L0940
F818,Wardton,Wind,71,L0880
F819,New Randy,Hydro,57,L0541
F820,West Ashley,Solar,53,L0886
F821,East James,Solar,68,L0150
F822,Lake Christopher,Wind,64,L0361
F823,Connerview,Hydro,35,L0084
F824,Morrishaven,Wind,94,L0486
F825,Harrisborough,Hydro,1,L0238
F826,Vargasport,Nuclear,52,L0872
F827,Dayberg,Wind,9,L0109
F828,West Madison,Solar,89,L0920
F829,Kelseyshire,Wind,45,L0332
F830,Matthewshaven,Nuclear,11,L0456
F831,Rachelbury,Nuclear,63,L0721
F832,Lake Harryfort,Nuclear,47,L0375
F833,South Susan,Nuclear,40,L0838
F834,Michaelstad,Solar,35,L0466
F835,South Williamborough,Wind,94,L0843
F836,Thompsonhaven,Nuclear,80,L0860
F837,South Dawn,Nuclear,80,L0791
F838,North Jaclyn,Wind,18,L0588
F839,East Jenniferville,Nuclear,39,L0152
F840,South Martin,Wind,89,L0816
F841,Ryanfurt,Hydro,58,L0755
F842,Johntown,Wind,38,L0300
F843,Harrisonview,Nuclear,27,L0240
F844,New Katherinemouth,Nuclear,31,L0530
F845,North Kimberly,Wind,65,L0601
F846,North Vanessamouth,Nuclear,9,L0635
F847,South Samantha,Nuclear,11,L0833
F848,Lake Calvin,Nuclear,34,L0356
F849,New Toddland,Wind,80,L0548
F850,Josephside,Hydro,88,L0314
F851,New Brandon,Hydro,97,L0504
F852,West Jennifershire,Wind,33,L0908
F853,Port Tyler,Wind,50,L0713
F854,East Ariel,Wind,95,L0129
F855,Lake Dennisshire,Wind,48,L0368
F856,Rachaelside,Solar,10,L0719
F857,Jillland,Solar,60,L0287
F858,West Calebport,Nuclear,27,L0892
F859,North Nathan,Hydro,69,L0614
F860,Jadetown,Wind,27,L0259
F861,Chenshire,Solar,50,L0068
F862,Port Janet,Solar,71,L0676
F863,South Jillfort,Wind,3,L0801
F864,South Glennland,Solar,91,L0795
F865,North Christopher,Nuclear,38,L0566
F866,North Jeffreyside,Solar,62,L0593
F867,Juliefort,Solar,70,L0321
F868,East Edwin,Hydro,17,L0142
F869,Keithfort,Hydro,27,L0330
F870,Johnshire,Nuclear,82,L0293
F871,East Evelynfurt,Wind,26,L0146
F872,Alexanderberg,Solar,75,L0004
F873,Ramirezmouth,Nuclear,64,L0725
F874,East Annetteland,Wind,75,L0128
F875,Richardborough,Wind,52,L0732
F876,Jenniferview,Wind,52,L0281
F877,Yufort,Wind,89,L0961
F878,Feliciachester,Solar,97,L0207
F879,Jeremiahview,Solar,24,L0282
F880,North Richardfort,Nuclear,25,L0621
F881,South Ryanshire,Wind,12,L0832
F882,Smithport,Solar,90,L0774
F883,North Gregoryview,Wind,3,L0584
F884,South Lisa,Solar,70,L0814
F885,Pricebury,Wind,46,L0717
F886,Milesmouth,Nuclear,26,L0471
F887,Micheleport,Nuclear,6,L0467
F888,Hubbardburgh,Nuclear,30,L0252
F889,Lake Stevetown,Nuclear,16,L0406
F890,North Joe,Nuclear,65,L0595
F891,Katherineview,Solar,76,L0327
F892,East Larry,Solar,51,L0172
F893,Rogerton,Wind,58,L0744
F894,Williamsfurt,Hydro,45,L0948
F895,East Samantha,Hydro,66,L0191
F896,South Zachary,Hydro,12,L0844
F897,Austinshire,Solar,57,L0027
F898,Hodgesland,Solar,21,L0248
F899,East Paula,Nuclear,77,L0188
F900,East Josephmouth,Wind,7,L0158
F901,Bellton,Solar,69,L0034
F902,West Kristin,Nuclear,3,L0919
F903,North Cynthiamouth,Solar,6,L0573
F904,Lake Julian,Hydro,21,L0384
F905,Geoffreybury,Wind,31,L0220
F906,New Robert,Nuclear,5,L0542
F907,Hallville,Hydro,99,L0235
F908,Tanyafurt,Nuclear,90,L0852
F909,Wilkinsonview,Hydro,70,L0945
F910,West Mikemouth,Wind,3,L0926
F911,North Jamesport,Nuclear,79,L0592
F912,Courtneychester,Solar,88,L0092
F913,Lake Jennifer,Solar,51,L0382
F914,Lake James,Wind,78,L0380
F915,Ericafurt,Hydro,34,L0199
F916,Mooreville,Wind,58,L0484
F917,Lake Chad,Nuclear,75,L0359
F918,Port Rachelchester,Nuclear,74,L0700
F919,New Jamesberg,Hydro,31,L0521
F920,Rachelfurt,Solar,45,L0722
F921,Port Richard,Hydro,21,L0703
F922,South Savannahhaven,Hydro,93,L0834
F923,Johnnymouth,Nuclear,31,L0292
F924,North Chloemouth,Wind,91,L0565
F925,East Amberfurt,Wind,48,L0125
F926,Isabellatown,Hydro,38,L0257
F927,Dustinborough,Wind,10,L0123
F928,South Mark,Hydro,97,L0815
F929,New Jeremy,Solar,90,L0523
F930,Lauriehaven,Wind,53,L0419
F931,Donnachester,Solar,42,L0119
F932,Lisamouth,Hydro,77,L0433
F933,South Katelyn,Hydro,1,L0806
F934,South Anthonyside,Hydro,61,L0780
F935,Leestad,Wind,18,L0424
F936,Marychester,Wind,91,L0452
F937,Tristanfort,Nuclear,77,L0865
F938,Joanneville,Solar,19,L0288
F939,Stephanieport,Wind,56,L0846
F940,Port Samantha,Hydro,41,L0705
F941,Jamesside,Nuclear,18,L0264
F942,Phillipsbury,Wind,73,L0652
F943,Tracieburgh,Wind,9,L0864
F944,New Rachel,Wind,59,L0540
F945,Sandersview,Solar,17,L0764
F946,Martinmouth,Hydro,68,L0450
F947,North Philip,Solar,26,L0618
F948,West Christian,Hydro,61,L0894
F949,East Kennethport,Wind,43,L0166
F950,Joshuatown,Hydro,43,L0318
F951,South Michael,Wind,93,L0820
F952,Randyville,Solar,9,L0726
F953,Port Lauren,Solar,56,L0688
F954,Ellismouth,Hydro,79,L0198
F955,Oconnellland,Nuclear,30,L0637
F956,Landryberg,Solar,28,L0415
F957,Cameronview,Solar,30,L0057
F958,Madisonstad,Hydro,33,L0441
F959,Hutchinsonview,Nuclear,47,L0255
F960,Levybury,Hydro,12,L0427
F961,South Robertshire,Nuclear,78,L0829
F962,Port Meganhaven,Wind,7,L0691
F963,North Laurie,Hydro,47,L0603
F964,Lake Madison,Wind,48,L0393
F965,Smithton,Solar,19,L0776
F966,East Juliafort,Nuclear,27,L0162
F967,East Karen,Hydro,40,L0164
F968,Davidberg,Hydro,16,L0104
F969,Nealport,Nuclear,64,L0495
F970,New Gregory,Nuclear,96,L0519
F971,Ryanchester,Solar,6,L0754
F972,North Amandastad,Solar,5,L0554
F973,North Vincenttown,Nuclear,6,L0636
F974,Duncantown,Solar,75,L0121
F975,Lake Dariusstad,Wind,55,L0366
F976,Reneeview,Solar,16,L0730
F977,Millertown,Nuclear,28,L0472
F978,Michellechester,Nuclear,43,L0469
F979,North Codyshire,Solar,22,L0567
F980,Lake Stevenside,Nuclear,38,L0405
F981,Jamestown,Solar,59,L0266
F982,Nicoleton,Nuclear,57,L0552
F983,West Andrew,Hydro,52,L0885
F984,Sydneyberg,Wind,12,L0850
F985,Powellview,Nuclear,28,L0716
F986,West Benjamin,Nuclear,16,L0887
F987,Thomasstad,Nuclear,20,L0859
F988,Cortezport,Wind,64,L0091
F989,Dakotaside,Hydro,42,L0100
F990,Vasquezburgh,Solar,55,L0873
F991,Navarrotown,Solar,96,L0493
F992,Ashleyburgh,Hydro,2,L0025
F993,North Thomas,Nuclear,60,L0631
F994,Mitchellbury,Solar,83,L0473
F995,Samanthaland,Solar,45,L0760
F996,Port Christina,Hydro,6,L0663
F997,Cannonmouth,Wind,52,L0059
F998,South Tanyamouth,Wind,36,L0840
F999,North Mary,Nuclear,30,L0609
F1000,North Robert,Nuclear,11,L0622
