trip_id,passenger_id,name,age,origin
T017,P0001,Lori Barnes,30,Train Station
T025,P0002,Diana Salinas,26,Bus Station
T407,P0003,Michael Johnson,55,Other
T296,P0004,Stephen Taylor,72,Bus Station
T245,P0005,William Barnes,74,Airport
T354,P0006,Sarah Sullivan,48,Other
T148,P0007,Lindsey Mora,35,Airport
T449,P0008,Jordan Soto,46,Train Station
T154,P0009,Maria Smith,29,Other
T222,P0010,Julie Garcia,59,Train Station
T188,P0011,Leah Morton,40,Other
T203,P0012,Wanda Maddox,74,Airport
T470,P0013,Kristy Duncan,74,Bus Station
T075,P0014,Lori Harper,52,Bus Station
T053,P0015,Lawrence Torres,66,Other
T355,P0016,Shannon Parks,22,Other
T225,P0017,Julie King,72,Other
T357,P0018,Jonathan Powers,32,Airport
T346,P0019,Jennifer Mcbride,74,Train Station
T409,P0020,Beth Nguyen,68,Airport
T238,P0021,Mr. Brian Brown,65,Bus Station
T141,P0022,Timothy Wilson,38,Train Station
T143,P0023,Cathy Zavala,67,Other
T470,P0024,Paula Nelson,52,Other
T091,P0025,Daniel Marshall,71,Other
T048,P0026,John Rodriguez,62,Bus Station
T379,P0027,Mrs. Jessica Grimes,39,Airport
T159,P0028,Patricia Adams,78,Train Station
T279,P0029,Stacy Chen,32,Bus Station
T238,P0030,Mrs. Kaitlin Gamble,31,Airport
T071,P0031,Robert Gallegos,29,Train Station
T329,P0032,Caleb Carson,43,Bus Station
T343,P0033,Scott Valencia,23,Bus Station
T160,P0034,Michael Stevenson,44,Bus Station
T039,P0035,Patricia Chen,18,Airport
T352,P0036,Leslie Smith,44,Train Station
T491,P0037,Christina Acosta,71,Bus Station
T284,P0038,Jessica Schmidt,43,Bus Station
T044,P0039,Cheryl Proctor,64,Airport
T041,P0040,Julia Payne,26,Other
T445,P0041,Amber Liu,70,Train Station
T212,P0042,Christina Ellis,79,Airport
T095,P0043,Kristen Christensen,58,Train Station
T046,P0044,Rebecca King,18,Bus Station
T175,P0045,Richard Wise,27,Other
T429,P0046,David Jackson,18,Airport
T411,P0047,Craig Ross,21,Other
T024,P0048,Michael Nelson,35,Other
T180,P0049,Daryl Deleon,28,Other
T260,P0050,Sandra Williams,58,Airport
T059,P0051,Shelly Boyd,75,Airport
T160,P0052,James Malone,23,Bus Station
T182,P0053,Caleb Donaldson,54,Airport
T375,P0054,Ashley Grant,30,Bus Station
T470,P0055,Gina Simmons,27,Bus Station
T228,P0056,David Carr,21,Airport
T142,P0057,Tiffany Howe,67,Train Station
T240,P0058,Jackie Bernard,65,Train Station
T013,P0059,Steven Lambert,57,Airport
T155,P0060,Alicia Johnson,18,Other
T448,P0061,Sandra Thomas,29,Airport
T343,P0062,Samuel Lee,52,Bus Station
T001,P0063,Alvin Nelson,37,Bus Station
T109,P0064,James Banks,18,Airport
T224,P0065,Dalton Gomez,41,Train Station
T028,P0066,David Duncan,61,Airport
T130,P0067,Stephanie Mccormick,45,Train Station
T215,P0068,Dawn Douglas,37,Airport
T097,P0069,Mr. Austin Pineda DVM,61,Train Station
T251,P0070,Ashley Gonzalez,68,Train Station
T416,P0071,James Andrews,25,Other
T493,P0072,Maria Todd,38,Bus Station
T060,P0073,Erin Jordan,46,Train Station
T499,P0074,Tiffany Burch,66,Bus Station
T437,P0075,Richard Moreno,37,Bus Station
T041,P0076,Rachel Bradley,62,Train Station
T464,P0077,Jason Avery PhD,57,Airport
T152,P0078,Frank Reed,33,Bus Station
T279,P0079,Rebecca Peters,19,Bus Station
T161,P0080,Michael Riddle,26,Bus Station
T377,P0081,Richard Miller,76,Airport
T402,P0082,Anne Francis,27,Airport
T069,P0083,Jenna Cross,30,Other
T326,P0084,Phillip Thompson,23,Airport
T464,P0085,Curtis Grant,69,Other
T365,P0086,Mr. Andrew Doyle,59,Bus Station
T372,P0087,Charles Rodriguez,66,Airport
T036,P0088,Barbara Sloan,51,Bus Station
T146,P0089,Jared Williams,65,Bus Station
T105,P0090,Danielle Fry,24,Train Station
T141,P0091,Tamara White,25,Bus Station
T152,P0092,Bradley Kelly,27,Airport
T458,P0093,David Carter,50,Airport
T169,P0094,Ricky Stanley,48,Bus Station
T463,P0095,Stephanie Hill,63,Other
T291,P0096,Heather Diaz,52,Bus Station
T435,P0097,David Williams,46,Airport
T332,P0098,Calvin Harrell,53,Train Station
T405,P0099,Margaret Odom,21,Train Station
T156,P0100,Stacey Walsh,28,Train Station
T047,P0101,Veronica Flores,43,Train Station
T404,P0102,Amy Patterson,74,Bus Station
T406,P0103,John Walker,45,Other
T093,P0104,Harold Richardson,32,Airport
T012,P0105,Christopher Thompson,34,Train Station
T461,P0106,Kathryn Sherman,27,Airport
T380,P0107,Kathy Hodges,34,Bus Station
T187,P0108,Isabella Frederick,42,Train Station
T469,P0109,Jessica Williams,77,Train Station
T048,P0110,Christina Roberson,72,Other
T276,P0111,Wayne Parrish,59,Bus Station
T225,P0112,Daniel Nguyen,33,Bus Station
T395,P0113,Deanna Potter,52,Other
T048,P0114,Brittany Smith,23,Airport
T270,P0115,James Miller,43,Other
T094,P0116,Heather Chandler,75,Airport
T336,P0117,Tyler Reynolds,75,Bus Station
T169,P0118,Jessica Morgan,39,Airport
T245,P0119,Patricia Johnson,44,Other
T122,P0120,Elizabeth Lee,45,Bus Station
T258,P0121,Brian Riley,63,Other
T150,P0122,Monique Brown,38,Bus Station
T082,P0123,Gary Zamora,38,Airport
T164,P0124,Alyssa Richardson,49,Other
T003,P0125,Robert Marquez,54,Bus Station
T075,P0126,Pamela Ware,41,Other
T297,P0127,Jeffrey Malone,50,Train Station
T218,P0128,Kelly Richardson,63,Bus Station
T483,P0129,Ashley Peck,73,Train Station
T474,P0130,Gina Reyes,37,Other
T425,P0131,Stephen Obrien,49,Bus Station
T387,P0132,Brandi Obrien,26,Airport
T108,P0133,William Williams,33,Bus Station
T441,P0134,Jesse Flores,46,Airport
T254,P0135,Jeffrey Pittman,31,Bus Station
T059,P0136,Kristen Davidson,71,Other
T474,P0137,Nicole Tucker,43,Airport
T302,P0138,Nicholas Johns,38,Other
T163,P0139,Jerry Odom,23,Bus Station
T098,P0140,Ariana Contreras,61,Other
T349,P0141,David Sanchez,29,Other
T036,P0142,Kimberly Weaver,46,Bus Station
T061,P0143,Patricia Allen,43,Bus Station
T147,P0144,April Thompson,73,Airport
T092,P0145,Thomas Mann,31,Airport
T272,P0146,Amanda Evans,34,Train Station
T295,P0147,Andrea White,65,Other
T225,P0148,Corey Gray,34,Other
T052,P0149,Amy Mueller,47,Bus Station
T005,P0150,Jason Walter,59,Other
T090,P0151,Margaret Byrd,28,Bus Station
T166,P0152,Phillip Hogan,67,Airport
T011,P0153,Ryan Price,75,Airport
T303,P0154,Cynthia Davis,55,Other
T433,P0155,Joseph Simmons,52,Other
T162,P0156,Kayla Morales,72,Other
T318,P0157,Glenda Woods,56,Airport
T103,P0158,Joshua Perkins,40,Other
T190,P0159,Mr. Keith Simpson DDS,67,Airport
T286,P0160,Valerie Jackson,20,Airport
T197,P0161,Michael Andrews,56,Bus Station
T418,P0162,Elizabeth Ellis,24,Other
T138,P0163,Rachel Carson,26,Train Station
T064,P0164,Bethany Anderson,66,Train Station
T489,P0165,Johnny Thompson,66,Train Station
T232,P0166,Karen Miller,55,Bus Station
T230,P0167,Denise Anderson,29,Airport
T045,P0168,Kimberly Brown,72,Other
T482,P0169,Ariel Brown,41,Airport
T028,P0170,Ian Tucker,75,Bus Station
T021,P0171,Matthew Walter,23,Train Station
T371,P0172,Tina Turner,65,Bus Station
T396,P0173,Stacy Lynn,45,Other
T370,P0174,Autumn Pope,66,Train Station
T369,P0175,Erin Martinez,78,Bus Station
T091,P0176,Dawn Coleman,45,Bus Station
T362,P0177,Eric Clarke,18,Train Station
T209,P0178,Karen Hughes,76,Bus Station
T017,P0179,Angela Walker,25,Bus Station
T371,P0180,David Hawkins,74,Airport
T491,P0181,Jennifer Hernandez,29,Airport
T475,P0182,Scott Moreno,69,Other
T438,P0183,Hannah Park,77,Bus Station
T377,P0184,Maria Velazquez,79,Train Station
T425,P0185,Linda Thomas,76,Bus Station
T380,P0186,Kathleen Robbins,72,Bus Station
T008,P0187,Tara Stevens,25,Train Station
T048,P0188,Kevin Tapia,25,Bus Station
T122,P0189,Ryan Hughes,20,Other
T029,P0190,Laura Dawson,44,Bus Station
T208,P0191,Matthew Franklin,35,Other
T081,P0192,Monica Sanchez,39,Train Station
T228,P0193,Mr. Nicholas Adams,67,Airport
T256,P0194,Mrs. Pamela Palmer,68,Bus Station
T253,P0195,Gregory Strickland,27,Other
T375,P0196,Sheila Hodge,39,Bus Station
T080,P0197,Ernest Tanner,19,Train Station
T164,P0198,Emily Tapia,79,Train Station
T388,P0199,Chelsea Berry,20,Train Station
T384,P0200,Carlos James,18,Train Station
T113,P0201,William Smith,22,Other
T105,P0202,Jeffrey Baxter,60,Airport
T289,P0203,Rebecca Franklin,40,Bus Station
T403,P0204,Jose Castro,30,Airport
T034,P0205,Michael Walker,79,Other
T398,P0206,Erik Wall,30,Train Station
T457,P0207,Timothy Harding,22,Train Station
T276,P0208,Brett Rodriguez,18,Train Station
T442,P0209,Donna Anderson,46,Train Station
T371,P0210,Matthew Lyons,64,Train Station
T295,P0211,David English,22,Other
T239,P0212,Mr. Brian Benton,25,Train Station
T332,P0213,Anthony Ramos,21,Bus Station
T026,P0214,Andrew Peterson,28,Other
T044,P0215,Lindsay Summers,42,Train Station
T070,P0216,Jacob Wilson,47,Bus Station
T033,P0217,Deborah Mitchell,34,Train Station
T273,P0218,Elizabeth Johnson,42,Other
T461,P0219,Nicholas Jackson,58,Other
T290,P0220,Earl Pearson,35,Train Station
T454,P0221,Shannon King,54,Other
T155,P0222,Ryan Green,66,Bus Station
T296,P0223,Johnathan Edwards,42,Airport
T213,P0224,Russell Bell,43,Other
T393,P0225,Ronald Taylor,29,Train Station
T217,P0226,Sean Davis,36,Other
T011,P0227,Gina Trevino,42,Bus Station
T398,P0228,Matthew Watson,21,Airport
T413,P0229,Brian Carroll MD,41,Other
T447,P0230,Victoria Chaney,32,Train Station
T089,P0231,Alicia Gonzalez,48,Train Station
T262,P0232,Whitney Jones,22,Train Station
T068,P0233,Amber Archer,79,Other
T194,P0234,Elizabeth Mack,72,Other
T036,P0235,Tracie Monroe,34,Airport
T423,P0236,Allison Ross,18,Train Station
T265,P0237,Andrew Vaughn,40,Other
T099,P0238,Raymond Sherman,32,Other
T105,P0239,Joseph Martinez,48,Airport
T053,P0240,Kimberly Parker,43,Bus Station
T294,P0241,Amy Valentine,44,Other
T178,P0242,Sandra Brown,71,Bus Station
T351,P0243,Devin Hurst,49,Other
T272,P0244,Nicole Reed,47,Airport
T234,P0245,Shelly Malone,73,Bus Station
T447,P0246,Margaret Bradford,30,Train Station
T169,P0247,Wanda Reed,57,Train Station
T082,P0248,Mr. James Ramirez,31,Airport
T382,P0249,Aaron Williams MD,29,Other
T164,P0250,Whitney Walsh,24,Train Station
T383,P0251,Brianna Hansen,29,Other
T198,P0252,Jonathan Smith,63,Train Station
T254,P0253,Robert Whitney,78,Airport
T151,P0254,Barbara Smith,40,Airport
T489,P0255,Kelly Hernandez,57,Other
T430,P0256,Kimberly Williams,44,Other
T242,P0257,Kathleen Mann,73,Other
T019,P0258,Nathaniel Cooke DDS,63,Train Station
T497,P0259,Amy Beck,35,Train Station
T339,P0260,Holly Matthews PhD,50,Train Station
T138,P0261,Jeffrey Gould,29,Airport
T269,P0262,Zachary Boyd,59,Other
T338,P0263,Tammy Carlson,78,Bus Station
T426,P0264,John Guerra,79,Airport
T436,P0265,Anthony Richards,74,Other
T467,P0266,Beth Patel DDS,76,Bus Station
T090,P0267,Gregory Ware,30,Train Station
T414,P0268,Brett Mayer,57,Airport
T115,P0269,Laura Jones,75,Airport
T110,P0270,Jenna Moore,30,Train Station
T332,P0271,Anthony Brown,20,Bus Station
T173,P0272,Terry Mcdaniel,18,Other
T184,P0273,Michelle Walsh,62,Train Station
T432,P0274,Katie Taylor,28,Other
T426,P0275,Jose Butler,68,Train Station
T426,P0276,Jose Taylor,28,Airport
T072,P0277,Angel Jenkins,62,Airport
T093,P0278,David Wilson,26,Other
T143,P0279,Megan Frank,76,Other
T336,P0280,Katie Cox,53,Other
T392,P0281,David Ball,39,Train Station
T147,P0282,Jason Jones,62,Other
T243,P0283,Jennifer Spears,79,Bus Station
T387,P0284,Mark Mccullough,49,Train Station
T425,P0285,Roberta Wilkins,69,Bus Station
T211,P0286,Deborah Simon,78,Bus Station
T150,P0287,Maria Harmon,54,Train Station
T288,P0288,Christopher Lynch,77,Bus Station
T108,P0289,Brandi Phelps,73,Train Station
T198,P0290,Jack Cole,77,Train Station
T146,P0291,Jennifer Hernandez,19,Airport
T083,P0292,Donna Kim,20,Train Station
T362,P0293,Ricardo Harris,19,Bus Station
T478,P0294,Edwin Dixon,47,Train Station
T285,P0295,Jennifer Bauer,27,Bus Station
T420,P0296,Kelly Lopez,28,Train Station
T378,P0297,Adam Bowman,37,Train Station
T459,P0298,Spencer Taylor,35,Airport
T176,P0299,Michael Hill,21,Bus Station
T157,P0300,Whitney Jordan,60,Bus Station
T020,P0301,Nicole Wallace,18,Airport
T363,P0302,Brian Elliott,50,Other
T020,P0303,Lindsay Edwards,34,Train Station
T011,P0304,Linda Norris,32,Train Station
T097,P0305,Richard Perez,32,Train Station
T120,P0306,Sandy Edwards,50,Other
T153,P0307,Abigail Woods,76,Train Station
T414,P0308,Jorge Garza,79,Train Station
T211,P0309,Adriana Hopkins,37,Airport
T292,P0310,Chelsea Casey,21,Other
T290,P0311,Mr. Richard Gonzalez,44,Train Station
T308,P0312,Sean Jones,72,Bus Station
T497,P0313,Michele Rodriguez,35,Other
T230,P0314,Laura Keller,43,Airport
T488,P0315,Robert Allen,52,Other
T477,P0316,Mark Henry,19,Other
T226,P0317,Allison Walsh,20,Bus Station
T409,P0318,Dale Aguilar,39,Train Station
T051,P0319,Kenneth Peters,64,Other
T131,P0320,Larry Carlson,44,Airport
T145,P0321,Miranda Kelly,45,Airport
T053,P0322,Jessica Williams,69,Other
T307,P0323,Brett Barron,43,Bus Station
T085,P0324,Eric Taylor PhD,51,Train Station
T115,P0325,Nancy Gonzalez,68,Airport
T195,P0326,Donna Lawson,20,Bus Station
T275,P0327,Zachary Adams,44,Bus Station
T061,P0328,Max Moyer,20,Train Station
T498,P0329,James Jones,57,Airport
T065,P0330,Susan Moore,48,Other
T096,P0331,Eric Armstrong,23,Train Station
T416,P0332,Jose White,19,Train Station
T122,P0333,Robert Clark,43,Other
T247,P0334,Steven Jackson,20,Airport
T353,P0335,Sherry Perez,20,Train Station
T293,P0336,Lori Randall,68,Other
T264,P0337,Steven Eaton,50,Other
T138,P0338,Lauren Brown,58,Other
T472,P0339,Emily Webster,51,Train Station
T433,P0340,Robert Wilson,27,Train Station
T234,P0341,Brandon Vargas,48,Other
T388,P0342,Stephen Davis,45,Train Station
T331,P0343,Andrea Montes,27,Airport
T095,P0344,Laura Smith,62,Airport
T135,P0345,James Phillips,23,Train Station
T092,P0346,Stacy Richard,75,Train Station
T261,P0347,David Hill,55,Airport
T337,P0348,Joshua Hernandez,42,Other
T218,P0349,Olivia Smith,19,Other
T144,P0350,Patrick Mitchell,36,Airport
T147,P0351,Johnny Wilson,34,Bus Station
T162,P0352,Morgan Mendez,73,Bus Station
T184,P0353,Colleen Perez,41,Bus Station
T013,P0354,Mikayla Warner,49,Bus Station
T011,P0355,Jason Mendoza,35,Airport
T371,P0356,Michael Whitney,53,Other
T256,P0357,Amy Castillo,50,Bus Station
T002,P0358,Tammie Clarke,22,Airport
T308,P0359,Donna Bell,26,Train Station
T034,P0360,James Drake,66,Airport
T155,P0361,Brendan Torres,40,Other
T099,P0362,Meredith Fields,63,Bus Station
T421,P0363,James Johnson PhD,64,Bus Station
T420,P0364,Jennifer Weber,21,Bus Station
T226,P0365,Jesse Silva,72,Airport
T197,P0366,Michael Wiley,40,Airport
T458,P0367,Sarah Russell,50,Bus Station
T393,P0368,Michelle Craig,21,Train Station
T295,P0369,John Mcmahon,40,Bus Station
T234,P0370,Pamela Williams,26,Bus Station
T499,P0371,Nicole Zhang,60,Train Station
T038,P0372,John Young,44,Bus Station
T402,P0373,Jaime Butler,45,Other
T285,P0374,Kristen Mills,24,Bus Station
T001,P0375,Jacob Reed,23,Airport
T164,P0376,Anthony Branch,50,Other
T055,P0377,Jessica Knight,45,Bus Station
T476,P0378,Megan Washington,68,Airport
T397,P0379,Shelly Ryan,22,Bus Station
T067,P0380,Willie Leblanc,41,Train Station
T141,P0381,Isabel Roberts,74,Other
T235,P0382,Mary Mcmahon,55,Airport
T442,P0383,Anthony Glenn,74,Airport
T489,P0384,Louis Brown,47,Other
T282,P0385,Mary Cox,51,Other
T005,P0386,Shannon Monroe,36,Bus Station
T216,P0387,Barbara Webb,54,Train Station
T267,P0388,Shelly Arellano,53,Airport
T071,P0389,Andre Roberts,46,Bus Station
T485,P0390,Cassandra Rice,73,Other
T449,P0391,Diana Valenzuela,59,Airport
T208,P0392,Fernando Wilkinson,55,Train Station
T330,P0393,Erika Hooper,23,Bus Station
T406,P0394,George Jackson,63,Train Station
T036,P0395,Shannon Gay,74,Airport
T492,P0396,Donald Ramos,51,Other
T469,P0397,Leslie Hanson,55,Bus Station
T134,P0398,Joshua Brown,25,Other
T243,P0399,Antonio Scott,39,Airport
T058,P0400,Jessica Stone,56,Airport
T425,P0401,Joshua Pittman,74,Bus Station
T351,P0402,Donald Gaines,62,Airport
T394,P0403,Melanie Jones,18,Bus Station
T282,P0404,Joseph Smith,54,Bus Station
T412,P0405,Joseph Conley,77,Other
T489,P0406,Linda Murphy,65,Bus Station
T036,P0407,David Sanchez,54,Bus Station
T361,P0408,Tiffany Alvarez,40,Other
T273,P0409,Victor Mitchell,54,Bus Station
T248,P0410,Matthew Miller,18,Bus Station
T025,P0411,Brenda Smith,73,Airport
T040,P0412,Paul Anderson,29,Other
T067,P0413,Sherry Robbins,73,Bus Station
T393,P0414,Christie Garcia,60,Train Station
T340,P0415,Michael Phillips,42,Airport
T162,P0416,Michael Garcia,43,Other
T189,P0417,Melvin Brown,43,Airport
T096,P0418,Melissa Smith,76,Train Station
T297,P0419,Frances Nguyen,51,Train Station
T148,P0420,Kathleen Gilbert,66,Other
T261,P0421,Sandra Rivera,31,Bus Station
T190,P0422,Kristen Mitchell,42,Other
T025,P0423,Jonathan Ashley,68,Other
T313,P0424,Justin Paul,19,Other
T018,P0425,Jesse Smith,29,Other
T202,P0426,Roy Dunn,23,Bus Station
T333,P0427,Arthur Roman,18,Train Station
T366,P0428,Elijah Wiggins,35,Airport
T098,P0429,Christina Woods,79,Bus Station
T393,P0430,Stephanie Barber,63,Train Station
T290,P0431,Taylor Bruce,37,Train Station
T009,P0432,Shannon Rose,27,Airport
T430,P0433,Dawn Ellis,44,Other
T462,P0434,Lisa Sanchez,36,Bus Station
T160,P0435,James Taylor,23,Airport
T471,P0436,Joshua Bridges,71,Airport
T430,P0437,Christopher Russell,51,Other
T095,P0438,Carolyn Murphy,56,Train Station
T450,P0439,Jessica Smith,18,Train Station
T178,P0440,Kyle Bell,48,Other
T306,P0441,Stephanie Mullins,39,Airport
T429,P0442,Julia Smith,38,Bus Station
T456,P0443,Colleen Stein,72,Bus Station
T128,P0444,Michelle Walker,38,Airport
T155,P0445,Brandon Smith,63,Bus Station
T341,P0446,Amanda Murphy,18,Train Station
T234,P0447,Alejandro Velasquez,72,Other
T282,P0448,Brian Park,33,Bus Station
T190,P0449,Jeff Faulkner,42,Bus Station
T425,P0450,Carlos Torres,48,Airport
T368,P0451,Gabriel Price,21,Bus Station
T103,P0452,Lisa Hoffman MD,76,Airport
T152,P0453,James Wolfe,59,Train Station
T324,P0454,Sara Ferguson,19,Other
T482,P0455,Kevin Richards,74,Bus Station
T433,P0456,Jennifer Hart,76,Bus Station
T439,P0457,Linda Davis,47,Airport
T026,P0458,Jennifer Gonzalez,51,Airport
T489,P0459,Matthew Smith,42,Bus Station
T303,P0460,Kimberly Walker,50,Bus Station
T458,P0461,Casey Mercado,59,Bus Station
T069,P0462,Maria Phillips,72,Bus Station
T426,P0463,Tracy Powell,52,Bus Station
T432,P0464,Tiffany Hernandez,23,Other
T181,P0465,Sara Kim,19,Other
T201,P0466,Jonathan Russell,79,Train Station
T319,P0467,Tina Jordan,68,Airport
T160,P0468,Kenneth Franco,28,Other
T120,P0469,Abigail Frank,19,Airport
T378,P0470,Michael Gonzalez,46,Airport
T307,P0471,David Lee,32,Train Station
T195,P0472,Allison Allen,19,Other
T349,P0473,Mr. Robert Warner MD,31,Bus Station
T337,P0474,Sophia Dorsey,65,Airport
T381,P0475,Eric Martin,29,Airport
T047,P0476,Jessica Mclaughlin,74,Train Station
T292,P0477,Shawn Butler,61,Airport
T473,P0478,Mrs. Margaret Webster,58,Airport
T169,P0479,Michael Kane,62,Other
T307,P0480,Ronald Hammond,36,Other
T068,P0481,Matthew Berger,56,Train Station
T090,P0482,Victor Gutierrez,67,Other
T009,P0483,Rachel Rosales,75,Airport
T254,P0484,Anthony Thomas,62,Bus Station
T116,P0485,Joseph Hull,50,Airport
T354,P0486,Jessica Lewis,50,Bus Station
T471,P0487,Katie Cohen DDS,28,Bus Station
T353,P0488,Michael Wallace,20,Other
T423,P0489,Jon Taylor,29,Airport
T338,P0490,Jennifer Miller,62,Airport
T418,P0491,Samantha Sanchez,51,Train Station
T034,P0492,Joshua Johnson,63,Other
T161,P0493,Melissa Douglas,50,Bus Station
T365,P0494,Tammy Marshall,31,Airport
T233,P0495,Monica Cooper,40,Bus Station
T114,P0496,Matthew Matthews,74,Other
T137,P0497,Peter Dean,76,Train Station
T112,P0498,Sandy Sanchez,35,Bus Station
T110,P0499,Elizabeth Holden,70,Train Station
T212,P0500,Christopher Wilson,72,Bus Station
T327,P0501,Shawn Frederick,62,Train Station
T381,P0502,Gregory Miller,75,Other
T413,P0503,Tammy Gonzales,44,Bus Station
T108,P0504,Daniel Tucker,66,Other
T479,P0505,Ryan Silva,41,Bus Station
T414,P0506,Samuel Norris,45,Airport
T389,P0507,Mrs. Cheryl Arnold MD,40,Bus Station
T129,P0508,Kevin Smith,56,Other
T225,P0509,Bill Gamble,43,Train Station
T041,P0510,Billy Griffin,71,Other
T332,P0511,Phillip Thomas,35,Train Station
T458,P0512,Catherine Crane,34,Other
T478,P0513,Arthur Lindsey,75,Train Station
T453,P0514,Albert Ashley,51,Bus Station
T217,P0515,Michael Santos,38,Other
T372,P0516,Devin Carlson,70,Train Station
T492,P0517,John Meyer,79,Airport
T107,P0518,Ms. Wendy Avila,78,Train Station
T428,P0519,Daniel Gibson,78,Other
T439,P0520,Michael Ramirez,47,Bus Station
T151,P0521,Sean Clark,72,Airport
T370,P0522,Alyssa Hill MD,29,Other
T148,P0523,Justin Blackwell,76,Bus Station
T420,P0524,Mrs. Christina Shelton,44,Bus Station
T289,P0525,Robert Kline,52,Train Station
T274,P0526,Louis Hall,70,Train Station
T411,P0527,Craig Fuller,71,Airport
T240,P0528,Derek Vance,71,Airport
T230,P0529,Ryan Mcguire,54,Other
T090,P0530,Alexa Brown,30,Train Station
T357,P0531,Anna Banks,22,Train Station
T373,P0532,Amy Mejia,60,Airport
T207,P0533,Kayla Parks,50,Airport
T253,P0534,Larry Hamilton,47,Bus Station
T382,P0535,Kenneth Berger,57,Bus Station
T310,P0536,Tara Randall,58,Bus Station
T100,P0537,Matthew Gomez,30,Airport
T271,P0538,Kelly Watkins,24,Other
T424,P0539,James Wilson,35,Other
T439,P0540,Thomas Davis,68,Other
T372,P0541,David Gordon,72,Other
T412,P0542,Mary Jimenez,49,Other
T328,P0543,Marie Miller,57,Airport
T154,P0544,Jeffrey Baxter,33,Other
T432,P0545,Amy Hill,38,Other
T027,P0546,Adrian Smith,34,Airport
T364,P0547,Nicole Baker,77,Bus Station
T093,P0548,James Johnson,43,Airport
T468,P0549,Kelli Smith,57,Train Station
T206,P0550,Herbert Miranda,58,Airport
T346,P0551,Jean Conley,74,Train Station
T480,P0552,Thomas Foster,54,Bus Station
T313,P0553,Jeffrey Wilson,44,Other
T114,P0554,Ricardo Olson,44,Train Station
T078,P0555,Sherry Moreno,31,Bus Station
T497,P0556,Kenneth Noble,32,Train Station
T219,P0557,Christine Harris,39,Bus Station
T246,P0558,Gabrielle Lopez,78,Airport
T113,P0559,Michelle Oneill,40,Train Station
T307,P0560,Stacey Lane,76,Other
T251,P0561,Megan Williams,45,Other
T118,P0562,Johnathan Smith,27,Train Station
T424,P0563,Justin Murray,74,Train Station
T080,P0564,Michael Morse,71,Airport
T357,P0565,Sarah Morris,76,Bus Station
T035,P0566,Heidi Mills,71,Airport
T353,P0567,Donna Simpson,38,Airport
T185,P0568,Tara Wheeler,46,Bus Station
T382,P0569,Miranda Hancock,33,Bus Station
T252,P0570,Joseph Johnson,68,Other
T271,P0571,Kari Sims,41,Other
T163,P0572,Kelly Baker,21,Bus Station
T238,P0573,Helen Johnston,73,Other
T293,P0574,Jermaine Stevens,67,Bus Station
T282,P0575,Nancy Mills,28,Bus Station
T169,P0576,Natalie Barnes,60,Train Station
T498,P0577,Andre Marquez,76,Other
T023,P0578,Phillip Copeland,67,Airport
T269,P0579,Keith Wright,70,Airport
T247,P0580,Tyler Howard,47,Other
T265,P0581,Frank Sullivan,28,Train Station
T127,P0582,Nancy Robbins,31,Airport
T343,P0583,Samuel Lynch,56,Bus Station
T480,P0584,Phillip Fox,55,Bus Station
T263,P0585,Alex Johnson,19,Train Station
T298,P0586,Priscilla Richard,40,Other
T025,P0587,Mrs. Tonya Ford,48,Other
T220,P0588,Ashley Ellison,47,Airport
T137,P0589,Rebekah Skinner,66,Other
T448,P0590,Dennis Adams,53,Bus Station
T159,P0591,Timothy Vazquez,45,Airport
T438,P0592,Mark Foster,67,Other
T427,P0593,Kelly Brooks,20,Airport
T232,P0594,Paul Wise,26,Bus Station
T266,P0595,Justin Davis,33,Airport
T286,P0596,Amanda Morris,23,Other
T320,P0597,Mr. Robert Chavez,53,Train Station
T129,P0598,Melissa Dunn,56,Train Station
T245,P0599,Duane Drake,50,Airport
T406,P0600,Tyler Long,59,Train Station
T113,P0601,Dr. Gabriela Conner,19,Bus Station
T493,P0602,Dr. Mark Holmes PhD,28,Airport
T330,P0603,Stephanie Simmons,66,Train Station
T419,P0604,Shawn Hodges,23,Other
T164,P0605,Luke Hughes,48,Train Station
T439,P0606,Jeffrey Thomas,52,Airport
T099,P0607,Antonio Spencer,70,Airport
T066,P0608,Alexandra Clark,47,Train Station
T278,P0609,Samuel Martinez,61,Train Station
T465,P0610,Holly Gutierrez,33,Train Station
T268,P0611,Crystal Sandoval,79,Train Station
T122,P0612,Timothy Johnson,50,Other
T432,P0613,Anthony Cook,36,Train Station
T415,P0614,Krystal Gibbs,55,Airport
T185,P0615,Joseph Holder,62,Bus Station
T476,P0616,Mathew Alexander,36,Airport
T174,P0617,Russell Taylor,49,Other
T396,P0618,Jonathan Schultz,24,Airport
T196,P0619,Cynthia Vega,29,Airport
T094,P0620,Austin Mitchell,79,Bus Station
T055,P0621,Lisa Campbell,50,Train Station
T076,P0622,Stephanie Wilson,21,Train Station
T053,P0623,Crystal Martinez,37,Other
T350,P0624,Jessica Williams,42,Airport
T163,P0625,Sharon Ortiz,25,Bus Station
T209,P0626,Andrew Edwards,38,Other
T473,P0627,Christopher Odonnell,40,Other
T360,P0628,Elizabeth Booth,50,Other
T038,P0629,Stephanie Molina,46,Other
T295,P0630,Dr. Gina Zimmerman,45,Airport
T309,P0631,Michelle Cannon,54,Bus Station
T460,P0632,Rachel Lynch,36,Other
T391,P0633,Sandra Evans,77,Bus Station
T239,P0634,James Day,40,Airport
T269,P0635,Cheryl Hamilton,63,Bus Station
T403,P0636,Crystal Santiago,51,Train Station
T452,P0637,Troy Jackson,76,Bus Station
T319,P0638,Dustin Pope,32,Other
T308,P0639,Deborah Anderson,38,Airport
T077,P0640,Michelle Willis,50,Airport
T168,P0641,Jennifer Martin,36,Other
T041,P0642,Maria Moore,66,Other
T392,P0643,Kimberly Carpenter,20,Airport
T345,P0644,Luis Bell,34,Airport
T180,P0645,Rebecca Caldwell,76,Other
T146,P0646,Jennifer Sanders,44,Other
T109,P0647,Eric Perez,34,Airport
T434,P0648,Gregory Kelley,47,Airport
T212,P0649,Nicole Bridges,55,Other
T165,P0650,Suzanne Davis,30,Train Station
T311,P0651,Jessica Wallace,53,Other
T225,P0652,William White,67,Airport
T308,P0653,Allison Jordan,28,Bus Station
T053,P0654,Troy Patterson,24,Other
T264,P0655,Stephanie Allen,46,Airport
T223,P0656,Stephen Fowler,78,Bus Station
T424,P0657,Tara Banks,30,Other
T302,P0658,Fernando Jackson,63,Airport
T383,P0659,Patrick Jones,39,Bus Station
T235,P0660,Debbie Hernandez,36,Other
T083,P0661,Elijah Olsen,64,Bus Station
T424,P0662,Felicia Jones,26,Bus Station
T353,P0663,Joseph Newman,34,Other
T218,P0664,Katie Marsh,28,Bus Station
T194,P0665,Elizabeth Clark,63,Train Station
T145,P0666,Andrew Castro,72,Bus Station
T251,P0667,Jillian Holland,29,Train Station
T403,P0668,Mark Strong,36,Other
T112,P0669,Maria Dominguez,37,Airport
T010,P0670,Thomas Holland,73,Other
T016,P0671,Troy Washington,53,Other
T434,P0672,Marc Brown,36,Train Station
T019,P0673,Mrs. Amy Johnson DDS,22,Other
T019,P0674,Francisco Holden,25,Train Station
T105,P0675,Stephen Wood,68,Train Station
T234,P0676,James Howard,37,Train Station
T336,P0677,Jerry Allen,61,Bus Station
T137,P0678,Karen Farrell,30,Train Station
T238,P0679,Michelle Lane,28,Other
T454,P0680,Brittany Jacobs,66,Train Station
T187,P0681,David Stewart,56,Airport
T055,P0682,Jessica Casey,22,Bus Station
T158,P0683,Joshua Simmons,28,Train Station
T300,P0684,Adam Murphy,22,Other
T114,P0685,William Clark,32,Airport
T391,P0686,Adam Nelson,24,Airport
T191,P0687,Nancy Sandoval,79,Train Station
T468,P0688,Cheyenne Sutton,49,Train Station
T256,P0689,Mary Rodriguez,30,Other
T199,P0690,Ryan Johnson,37,Airport
T222,P0691,Kenneth Rivera,34,Other
T398,P0692,Christopher Nelson,76,Airport
T460,P0693,Heather Summers,69,Train Station
T251,P0694,Adriana Perez,20,Train Station
T389,P0695,Kaitlyn Brown MD,25,Airport
T268,P0696,James Escobar,30,Bus Station
T064,P0697,Jeffrey Gordon,55,Bus Station
T011,P0698,Debbie Randall,67,Bus Station
T022,P0699,Jocelyn Small,45,Airport
T385,P0700,Anthony Reed,39,Train Station
T230,P0701,Charles Martin MD,19,Other
T486,P0702,Francisco Medina,40,Other
T153,P0703,April Werner,23,Train Station
T233,P0704,Paul Harper,66,Airport
T424,P0705,Kyle Moore,71,Airport
T424,P0706,Victoria West,21,Train Station
T443,P0707,Tristan Tucker,59,Other
T067,P0708,Sarah Oneill,73,Bus Station
T237,P0709,Diane Ortega,70,Airport
T124,P0710,Charles Strickland,50,Airport
T321,P0711,Courtney Stone,53,Other
T078,P0712,Matthew Moore,54,Train Station
T124,P0713,Vincent Johnson,38,Train Station
T393,P0714,Matthew Mosley,32,Airport
T076,P0715,Robert Moore,26,Airport
T390,P0716,Thomas Brown,61,Bus Station
T387,P0717,Brenda Howard,34,Train Station
T202,P0718,Roberta Newman,40,Airport
T036,P0719,Sandra Torres,59,Bus Station
T293,P0720,Luis Guerra,69,Bus Station
T182,P0721,Daisy Smith,43,Train Station
T235,P0722,Samuel Stafford,32,Other
T205,P0723,Carol Caldwell,71,Other
T302,P0724,Derrick Cortez,72,Other
T286,P0725,Jason Lopez,39,Bus Station
T269,P0726,Jesse Gray,26,Airport
T204,P0727,Chelsea Lang,53,Airport
T024,P0728,Monica Wilson,72,Other
T444,P0729,Janice Wilson,40,Airport
T385,P0730,Ann Smith,73,Bus Station
T182,P0731,Michael Campbell,25,Other
T416,P0732,Stephen Thompson,46,Bus Station
T223,P0733,Scott Carrillo,39,Other
T129,P0734,Kristin Moran,67,Airport
T330,P0735,Catherine Valdez,21,Bus Station
T468,P0736,Angela Johnson,31,Train Station
T048,P0737,Jennifer Neal,74,Train Station
T472,P0738,Amanda Mclaughlin,74,Train Station
T290,P0739,David Miller,78,Bus Station
T286,P0740,Anthony Cook,61,Bus Station
T170,P0741,Linda Blackwell,45,Other
T460,P0742,Anthony Baker,26,Other
T065,P0743,Richard Patel,76,Train Station
T362,P0744,Michael Davila,53,Bus Station
T255,P0745,Hannah Anderson,52,Train Station
T230,P0746,James Schroeder,61,Other
T342,P0747,Michael Johnson,64,Other
T017,P0748,John Oliver,32,Other
T170,P0749,Stephanie Rodriguez,54,Airport
T216,P0750,Timothy Scott,27,Train Station
T253,P0751,Kathleen Smith,41,Train Station
T101,P0752,Cheryl Hardy,42,Airport
T402,P0753,John Bailey,72,Other
T250,P0754,Jonathan Robinson,49,Other
T379,P0755,Sean Sanchez,68,Airport
T105,P0756,Dr. Mary Martin,35,Bus Station
T221,P0757,Candace King,77,Airport
T480,P0758,Shelby Adams,45,Bus Station
T433,P0759,Mia Carpenter,34,Other
T113,P0760,Logan Baker,41,Airport
T379,P0761,Melissa Terry,75,Train Station
T346,P0762,Elaine Newman,37,Train Station
T166,P0763,Tanya Carroll,41,Airport
T334,P0764,Mary Davidson,53,Other
T183,P0765,Laura Anderson,61,Train Station
T022,P0766,Allison Valdez,23,Bus Station
T021,P0767,Anthony James,53,Bus Station
T419,P0768,Angelica Turner,39,Other
T187,P0769,April Sullivan,57,Bus Station
T493,P0770,Lisa Hendricks,42,Other
T109,P0771,Charles Houston,36,Airport
T224,P0772,Whitney Clay,28,Other
T331,P0773,Beverly Pearson,58,Bus Station
T216,P0774,Michael Olson,72,Airport
T074,P0775,Alexis Duran,73,Bus Station
T215,P0776,Lori Pineda,77,Airport
T253,P0777,Julie Leach,26,Bus Station
T295,P0778,Beverly Cook,22,Bus Station
T163,P0779,Evan Hughes,25,Other
T193,P0780,Ashley Lee,38,Other
T183,P0781,Daniel Ramos,54,Bus Station
T356,P0782,Donna Holland,42,Train Station
T304,P0783,Caitlin Burch,76,Bus Station
T455,P0784,Monica Parker,21,Other
T128,P0785,Chelsey Scott,72,Other
T027,P0786,Jennifer Rodriguez,57,Other
T072,P0787,Jason Garrison,47,Other
T004,P0788,Jennifer Stephenson,42,Airport
T026,P0789,Melissa Wallace,68,Bus Station
T388,P0790,James Lee,28,Other
T335,P0791,Brittany Gonzales,42,Bus Station
T379,P0792,Elizabeth Collins,26,Airport
T482,P0793,Christopher Martin,34,Train Station
T456,P0794,Christopher Howard,24,Airport
T331,P0795,Michael Suarez,38,Bus Station
T460,P0796,Stanley Hernandez,33,Airport
T306,P0797,Douglas Hunt,74,Airport
T464,P0798,Brandon Mason,37,Airport
T293,P0799,Victoria Fitzgerald,68,Other
T223,P0800,Richard Rowe,19,Other
T053,P0801,Nicole Carroll,32,Train Station
T057,P0802,Alexander Zavala,28,Other
T153,P0803,Brady Martinez,67,Other
T483,P0804,Kara West,21,Other
T119,P0805,Amanda Fernandez,61,Train Station
T384,P0806,Jessica Campbell,21,Other
T343,P0807,Jennifer Rodriguez,28,Other
T040,P0808,Matthew Norris,75,Other
T418,P0809,Jon Edwards,54,Train Station
T324,P0810,Kevin White,73,Train Station
T017,P0811,Paul Jones,73,Other
T030,P0812,Stefanie Miller,25,Other
T266,P0813,Isaac Hodge,19,Train Station
T473,P0814,Phillip Roberson,37,Other
T203,P0815,Walter Roberts,57,Bus Station
T239,P0816,James Sanchez,75,Bus Station
T225,P0817,Christian Perry,31,Airport
T012,P0818,Matthew Thompson,66,Train Station
T394,P0819,Gary Gonzales,68,Train Station
T084,P0820,Daniel Hunt,63,Other
T242,P0821,Samantha Cline,67,Other
T458,P0822,Sarah Warren,46,Train Station
T196,P0823,Arthur Martinez,63,Other
T060,P0824,Michael Reeves,19,Other
T168,P0825,Andrew Villarreal,33,Bus Station
T054,P0826,Jamie Ortiz,39,Airport
T152,P0827,Kathy Duncan,24,Airport
T261,P0828,Mr. Gabriel Holmes Jr.,74,Airport
T441,P0829,Kristin Lee,62,Train Station
T104,P0830,Mark Cook,28,Airport
T494,P0831,Stephanie Murphy,73,Train Station
T065,P0832,Mathew Smith,29,Airport
T230,P0833,Scott Hodges,66,Bus Station
T175,P0834,Kathryn Rodriguez,41,Bus Station
T421,P0835,George Ponce,41,Bus Station
T172,P0836,Allen Wells,21,Bus Station
T467,P0837,Daniel Clark,48,Bus Station
T359,P0838,Catherine Mack,34,Airport
T145,P0839,Brandon Lewis,36,Airport
T452,P0840,Jesus Garrett,58,Bus Station
T191,P0841,John Graham,30,Airport
T206,P0842,Cynthia Skinner,22,Other
T146,P0843,Larry Cannon,53,Train Station
T435,P0844,Amanda Long,75,Bus Station
T233,P0845,David Wilcox,74,Bus Station
T443,P0846,Ricardo Steele,22,Other
T436,P0847,Thomas Smith,44,Train Station
T149,P0848,Gerald Moyer,22,Other
T441,P0849,Lauren Lucas,66,Train Station
T426,P0850,Robin Hernandez,38,Train Station
T058,P0851,Janet Goodwin,33,Bus Station
T427,P0852,Ms. Katherine Morris,72,Train Station
T048,P0853,Lisa Harrington,69,Other
T127,P0854,Brian Williams,63,Airport
T256,P0855,Molly Jones,66,Airport
T177,P0856,Stacey House,18,Other
T428,P0857,Adam Payne,18,Other
T389,P0858,Gary Henderson,62,Airport
T426,P0859,Samuel Hughes,55,Other
T480,P0860,Michael Hall,53,Airport
T136,P0861,Jessica Jones,49,Airport
T057,P0862,Jennifer Smith,27,Airport
T288,P0863,Cynthia Richards,48,Train Station
T103,P0864,Dana Stewart,29,Train Station
T025,P0865,Richard Murray,50,Bus Station
T164,P0866,April Adams,29,Airport
T179,P0867,Travis Nguyen,60,Other
T086,P0868,Anthony Sosa,51,Train Station
T271,P0869,Kevin Nguyen,67,Airport
T222,P0870,Andrew Brewer,72,Airport
T367,P0871,Valerie Elliott MD,63,Other
T316,P0872,Maria Collins,38,Train Station
T445,P0873,Carol Oliver,45,Train Station
T182,P0874,Barbara Good,53,Other
T147,P0875,Teresa Fisher,21,Train Station
T069,P0876,Andrew Moran,55,Train Station
T333,P0877,Linda Griffin,36,Other
T109,P0878,Nancy Garcia,61,Airport
T467,P0879,Katie Wilkins,65,Bus Station
T346,P0880,Amanda Pratt,51,Airport
T318,P0881,Autumn Lindsey,28,Bus Station
T232,P0882,Tyler Shields,39,Other
T339,P0883,Jason Chavez,32,Train Station
T323,P0884,Jason Moody,71,Train Station
T452,P0885,Nathan Griffith,52,Train Station
T044,P0886,Jessica Larsen,73,Bus Station
T312,P0887,Ryan Quinn,45,Train Station
T439,P0888,Tara Mendez,79,Airport
T366,P0889,Sherri Wong,75,Bus Station
T230,P0890,Erika Norman,53,Bus Station
T444,P0891,Amanda Warren,25,Train Station
T253,P0892,Ruth Murphy,73,Bus Station
T258,P0893,Kelly Moran,58,Bus Station
T027,P0894,Jessica Black,59,Train Station
T054,P0895,Brittany Fuller,59,Train Station
T231,P0896,George Jackson,27,Train Station
T457,P0897,Mr. Alan Ingram,52,Bus Station
T143,P0898,Melissa Watson,78,Other
T222,P0899,Michael Phillips,66,Airport
T404,P0900,Brittany Knight,29,Airport
T151,P0901,Joseph Brock,58,Train Station
T405,P0902,Joseph Rodriguez,19,Bus Station
T293,P0903,Patrick Glenn,37,Train Station
T026,P0904,Dr. Sara Cherry,45,Other
T405,P0905,Jeffrey Hancock DVM,53,Other
T357,P0906,Dominique Lam,22,Train Station
T233,P0907,Matthew Gutierrez,70,Other
T451,P0908,Christopher Klein,66,Train Station
T032,P0909,Leonard Callahan,33,Other
T043,P0910,Heather Steele,39,Train Station
T237,P0911,Michael Fritz,75,Bus Station
T339,P0912,Jessica Brown,19,Train Station
T087,P0913,Mark Williams,76,Other
T386,P0914,David Reeves,74,Other
T326,P0915,Richard Pena,29,Other
T294,P0916,Teresa Simmons,70,Bus Station
T420,P0917,Tanya Rivera,68,Airport
T405,P0918,Mrs. Paula Carter,36,Bus Station
T151,P0919,Robert Parrish,59,Train Station
T338,P0920,Stephanie Anderson,65,Bus Station
T080,P0921,Danny Cain,27,Train Station
T260,P0922,Antonio Chavez,18,Other
T172,P0923,David Williams,32,Bus Station
T159,P0924,Jasmine Carlson,39,Bus Station
T231,P0925,William Weber,55,Train Station
T120,P0926,Kathryn Smith,23,Bus Station
T190,P0927,Danielle Moyer,35,Other
T167,P0928,Deborah Bird,38,Train Station
T335,P0929,Leslie Lopez,33,Airport
T152,P0930,Christopher Jones,71,Other
T169,P0931,Maria Martin,35,Airport
T290,P0932,Jill Brooks,63,Bus Station
T236,P0933,Erika King,48,Train Station
T372,P0934,Joseph Booth,67,Train Station
T256,P0935,Rebecca Pittman,59,Other
T409,P0936,Edward Adkins,72,Bus Station
T179,P0937,Randy Peterson,67,Airport
T234,P0938,Jeremy Carpenter,41,Airport
T230,P0939,Andrea Dixon,35,Airport
T103,P0940,Matthew Adams,53,Other
T232,P0941,Marcus Thomas,75,Train Station
T098,P0942,Anthony Young,46,Bus Station
T213,P0943,Christopher Nelson,73,Train Station
T289,P0944,Pamela Hays,27,Bus Station
T229,P0945,Corey Meyers,32,Airport
T344,P0946,Daniel Williams PhD,46,Train Station
T081,P0947,Brian Garza,46,Bus Station
T372,P0948,Jason Donaldson,20,Bus Station
T167,P0949,Darren Shelton,40,Other
T257,P0950,Stephen Jensen,47,Airport
T457,P0951,Edward Estrada,76,Airport
T068,P0952,Steven Williams,41,Other
T331,P0953,Cheryl Smith,41,Airport
T495,P0954,Andrea Waters,23,Train Station
T087,P0955,Christopher Hill,60,Train Station
T022,P0956,Morgan Wheeler,24,Other
T330,P0957,Michelle Bowman,33,Train Station
T357,P0958,Amber Barton,21,Bus Station
T235,P0959,Joshua Roberson,79,Airport
T416,P0960,Stephanie Wright,22,Train Station
T417,P0961,Mark Owens,18,Bus Station
T277,P0962,Kristin Young,49,Other
T236,P0963,Denise Turner,36,Airport
T209,P0964,Paul Short,67,Train Station
T007,P0965,Shawn Todd,68,Train Station
T195,P0966,Scott Jackson,53,Bus Station
T236,P0967,Jeremy Kelly,37,Bus Station
T033,P0968,Robert Allen,53,Airport
T229,P0969,Gavin Matthews,32,Train Station
T148,P0970,Anthony Dyer,26,Train Station
T431,P0971,Gina Roberts,26,Bus Station
T200,P0972,Benjamin Lynch,48,Train Station
T048,P0973,Kristen Hughes,79,Other
T389,P0974,Sheila Perez,65,Bus Station
T158,P0975,James Buckley,63,Other
T438,P0976,Kristin Richardson,23,Train Station
T082,P0977,Melinda Jordan,76,Train Station
T043,P0978,Kyle Richardson,35,Bus Station
T193,P0979,Kaitlyn Hebert,62,Bus Station
T104,P0980,Cody Green,66,Train Station
T224,P0981,Robert Ward,37,Bus Station
T059,P0982,Tracy Reynolds,37,Train Station
T059,P0983,Michael Monroe,36,Airport
T190,P0984,Steven Watson,51,Bus Station
T053,P0985,Erica Roy,74,Bus Station
T053,P0986,Joseph Lawrence,38,Train Station
T402,P0987,Tiffany Guzman,37,Train Station
T264,P0988,Shannon Estrada,26,Train Station
T415,P0989,James King,18,Other
T376,P0990,Jason Madden,68,Train Station
T244,P0991,Andrew Levy,31,Train Station
T328,P0992,Sandra Barnett,57,Airport
T117,P0993,Dawn Murphy,34,Other
T043,P0994,Andrea Hill,53,Airport
T307,P0995,Jason Brown,44,Bus Station
T205,P0996,Alvin Richards,55,Train Station
T119,P0997,Carolyn Farrell,20,Train Station
T177,P0998,Russell Rodriguez,34,Bus Station
T176,P0999,Brittany Gray,77,Airport
T069,P1000,Kristen Martinez,43,Train Station
